latitude,longitude,time
22.6159627,120.3064648,20/11/2025 02:41
22.6154662,120.3069448,20/11/2025 02:42
22.6177045,120.3051177,20/11/2025 02:56
22.6237688,120.3028184,20/11/2025 03:11
22.6237771,120.3028232,20/11/2025 03:11
22.62156013,120.2961535,20/11/2025 03:19
22.6275907,120.2903228,20/11/2025 03:26
22.6269125,120.2869526,20/11/2025 03:41
22.6269093,120.2869309,20/11/2025 03:43
22.6269096,120.2869711,20/11/2025 03:59
22.6271454,120.2869745,20/11/2025 04:24
22.6267332,120.2865645,20/11/2025 04:39
22.626893,120.2867549,20/11/2025 04:57
22.6260121,120.286713,20/11/2025 05:12
22.62228172,120.2892502,20/11/2025 05:20
22.6212502,120.2894863,20/11/2025 05:22
22.6211749,120.2878529,20/11/2025 05:42
22.6212949,120.2879419,20/11/2025 06:06
22.6177523,120.2886402,20/11/2025 06:23
22.6178333,120.2863165,20/11/2025 06:27
22.6189698,120.2827607,20/11/2025 06:39
22.6203349,120.2810611,20/11/2025 06:43
22.6201302,120.2815593,20/11/2025 06:56
22.6190162,120.2853708,20/11/2025 07:29
22.6205545,120.2765874,20/11/2025 07:44
22.62157535,120.27578,20/11/2025 07:45
22.62642682,120.2785826,20/11/2025 07:47
22.63591311,120.2826203,20/11/2025 07:50
22.6549963,120.2828238,20/11/2025 07:59
22.6540393,120.2878896,20/11/2025 08:14
22.6540348,120.2878923,20/11/2025 08:15
22.6562676,120.2862689,20/11/2025 08:47
22.6567206,120.286242,20/11/2025 09:08
22.6565565,120.2861623,20/11/2025 09:38
22.660984,120.288527,20/11/2025 10:23
22.6655668,120.2893137,20/11/2025 10:26
22.66549897,120.2912909,20/11/2025 10:28
22.6806595,120.2924801,20/11/2025 10:43
22.6822319,120.2932415,20/11/2025 10:59
22.682198,120.2934879,20/11/2025 11:00
22.684018,120.2942108,20/11/2025 11:15
22.6870704,120.2970286,20/11/2025 11:25
22.6886504,120.2990617,20/11/2025 11:34
22.6843592,120.2993079,20/11/2025 11:49
22.68217414,120.2981311,20/11/2025 12:00
22.6796388,120.2987219,20/11/2025 12:04
22.6784451,120.2990536,20/11/2025 12:20
22.67705953,120.3016706,20/11/2025 12:31
22.6721171,120.3040983,20/11/2025 12:36
22.67149903,120.3038155,20/11/2025 12:36
22.6659808,120.2998263,20/11/2025 12:51
22.665981,120.2998269,20/11/2025 12:52
22.6664451,120.2998415,20/11/2025 13:10
22.6659813,120.2992856,20/11/2025 13:34
22.6658331,120.2989731,20/11/2025 13:50
22.6573678,120.3030068,20/11/2025 14:02
22.6485721,120.3033673,20/11/2025 14:04
22.6485721,120.3033673,20/11/2025 14:05
22.6317653,120.3019255,20/11/2025 14:07
22.6155034,120.3068712,20/11/2025 14:21
22.6154886,120.3068061,20/11/2025 14:37
22.6154699,120.3068227,20/11/2025 14:37
22.6155335,120.3068224,20/11/2025 14:53
22.6154715,120.3068478,20/11/2025 15:15
22.6155875,120.306843,20/11/2025 23:45
22.6155366,120.306875,21/11/2025 00:00
22.615428,120.3068933,21/11/2025 00:15
22.6155281,120.306776,21/11/2025 00:30
22.6154863,120.3068058,21/11/2025 00:45
22.615589,120.306856,21/11/2025 01:11
22.6155454,120.3068145,21/11/2025 01:25
22.6155486,120.3067964,21/11/2025 01:50
22.6155307,120.3068194,21/11/2025 02:11
22.6137253,120.304809,21/11/2025 02:21
22.6245357,120.3012046,21/11/2025 02:22
22.6389948,120.3026464,21/11/2025 02:26
22.6389948,120.3026464,21/11/2025 02:26
22.6660886,120.3030068,21/11/2025 02:31
22.6872794,120.3082424,21/11/2025 02:47
22.6872594,120.3082063,21/11/2025 02:48
22.68171928,120.3093639,21/11/2025 03:02
22.680936,120.3103105,21/11/2025 03:03
22.67866479,120.3197098,21/11/2025 03:05
22.67990648,120.3404379,21/11/2025 03:06
22.71199675,120.3602158,21/11/2025 03:09
22.77098173,120.4073851,21/11/2025 03:15
22.7969194,120.4532423,21/11/2025 03:18
22.7553509,120.4462378,21/11/2025 03:34
22.7557881,120.4449674,21/11/2025 03:40
22.7563592,120.4433859,21/11/2025 03:56
22.7574064,120.440954,21/11/2025 04:04
22.7578698,120.4399038,21/11/2025 04:20
22.7578698,120.4399038,21/11/2025 04:44
22.7576476,120.4401987,21/11/2025 05:01
22.757604,120.4407025,21/11/2025 05:16
22.7576557,120.4396614,21/11/2025 05:32
22.7576757,120.4396488,21/11/2025 05:47
22.7576849,120.4396309,21/11/2025 06:02
22.757656,120.4396503,21/11/2025 06:05
22.7578698,120.4399038,21/11/2025 06:29
22.7569879,120.440388,21/11/2025 06:49
22.7548206,120.4464696,21/11/2025 07:11
22.7547917,120.4464684,21/11/2025 07:11
22.7548537,120.4477461,21/11/2025 07:27
22.7654738,120.4475413,21/11/2025 07:29
22.77049146,120.4490442,21/11/2025 07:30
22.7804147,120.4530202,21/11/2025 07:31
22.79675492,120.4408498,21/11/2025 07:36
22.7716096,120.4084874,21/11/2025 07:39
22.7589582,120.3781216,21/11/2025 07:42
22.71441348,120.3598472,21/11/2025 07:46
22.6819082,120.3109156,21/11/2025 07:57
22.6880341,120.3094056,21/11/2025 08:13
22.687077,120.3079027,21/11/2025 08:22
22.6886985,120.3100138,21/11/2025 08:37
22.6887025,120.3099889,21/11/2025 08:53
22.6877711,120.3089364,21/11/2025 09:19
22.6770787,120.3066112,21/11/2025 09:27
22.6660886,120.3030068,21/11/2025 09:30
22.6485721,120.3033673,21/11/2025 09:34
22.6485721,120.3033673,21/11/2025 09:34
22.6485721,120.3033673,21/11/2025 09:34
22.6311365,120.3019778,21/11/2025 09:39
22.630826,120.3112968,21/11/2025 09:48
22.6301496,120.3177842,21/11/2025 09:50
22.6294698,120.3275148,21/11/2025 09:50
22.6228529,120.3417418,21/11/2025 10:06
22.6229958,120.3419152,21/11/2025 10:06
22.6232197,120.3429286,21/11/2025 10:21
22.6231721,120.3429206,21/11/2025 10:37
22.6241608,120.3415833,21/11/2025 10:55
22.6275041,120.3341341,21/11/2025 11:07
22.6301496,120.3177842,21/11/2025 11:09
22.6308019,120.3110079,21/11/2025 11:12
22.6322532,120.2997204,21/11/2025 11:35
22.6327592,120.3009649,21/11/2025 11:51
22.6326956,120.3008973,21/11/2025 11:56
22.6326395,120.3004993,21/11/2025 12:12
22.6328573,120.3020139,21/11/2025 12:32
22.6245357,120.3012046,21/11/2025 12:43
22.6137253,120.304809,21/11/2025 12:45
22.6139756,120.3050642,21/11/2025 12:49
22.6156118,120.3067874,21/11/2025 13:04
22.6156115,120.3068003,21/11/2025 13:04
22.6156156,120.3068464,21/11/2025 13:19
22.6155103,120.3068744,21/11/2025 13:35
22.6155195,120.3067855,21/11/2025 13:50
22.6156058,120.3067827,21/11/2025 14:05
22.6155811,120.3067987,21/11/2025 14:20
22.6155975,120.3067844,21/11/2025 23:48
22.6157355,120.3066093,22/11/2025 00:08
22.6155667,120.3067735,22/11/2025 00:23
22.6155674,120.3068023,22/11/2025 01:15
22.6155579,120.3068046,22/11/2025 01:30
22.6155656,120.3068039,22/11/2025 01:55
22.6155183,120.3067907,22/11/2025 02:27
22.6155614,120.3068088,22/11/2025 02:35
22.6155697,120.3067956,22/11/2025 02:41
22.6155748,120.3067876,22/11/2025 02:47
22.6136212,120.3039811,22/11/2025 03:21
22.61232261,120.3026607,22/11/2025 03:24
22.6099466,120.3016535,22/11/2025 03:38
22.6078148,120.2983014,22/11/2025 03:51
22.6077265,120.297424,22/11/2025 03:53
22.6107301,120.2936625,22/11/2025 04:02
22.6106885,120.2943617,22/11/2025 04:08
22.6194537,120.2893743,22/11/2025 04:23
22.6176979,120.2865006,22/11/2025 04:24
22.6201294,120.2728842,22/11/2025 04:39
22.6194521,120.2701657,22/11/2025 04:54
22.6194369,120.2701763,22/11/2025 04:55
22.6194679,120.2698415,22/11/2025 04:57
22.6137589,120.2688497,22/11/2025 05:03
22.6124204,120.2681237,22/11/2025 05:18
22.6119044,120.2678853,22/11/2025 05:28
22.6119075,120.267874,22/11/2025 05:43
22.611529,120.2675109,22/11/2025 06:03
22.6153081,120.2653266,22/11/2025 06:21
22.6128245,120.2636451,22/11/2025 06:37
22.6105013,120.267006,22/11/2025 06:52
22.6056102,120.2711211,22/11/2025 07:06
22.6023839,120.2735859,22/11/2025 07:08
22.6009286,120.2747818,22/11/2025 07:13
22.6011109,120.2741581,22/11/2025 07:24
22.5960172,120.279389,22/11/2025 07:39
22.596061,120.2793779,22/11/2025 07:40
22.574187,120.2965187,22/11/2025 07:59
22.5610338,120.3042657,22/11/2025 08:04
22.5610346,120.3042641,22/11/2025 08:04
22.5761853,120.294855,22/11/2025 08:20
22.5762856,120.2947583,22/11/2025 08:20
22.5756755,120.2988785,22/11/2025 08:36
22.5903568,120.2856592,22/11/2025 08:47
22.6134413,120.2687181,22/11/2025 08:59
22.6137548,120.2689241,22/11/2025 09:00
22.6126314,120.2682422,22/11/2025 09:16
22.6106023,120.2676805,22/11/2025 09:26
22.6101094,120.2678375,22/11/2025 09:43
22.6099173,120.2678114,22/11/2025 09:59
22.6114408,120.267583,22/11/2025 10:14
22.6140633,120.2695088,22/11/2025 10:30
22.6142827,120.2699195,22/11/2025 10:45
22.6193515,120.2695672,22/11/2025 10:51
22.6213683,120.2738385,22/11/2025 11:01
22.6213095,120.2748088,22/11/2025 11:03
22.6313164,120.3040882,22/11/2025 11:16
22.6145085,120.3063955,22/11/2025 11:32
22.615381,120.3068557,22/11/2025 11:41
22.6155938,120.3067911,22/11/2025 11:44
22.6154979,120.3068604,22/11/2025 11:56
22.6156011,120.3067703,22/11/2025 11:59
22.6155923,120.3068216,22/11/2025 11:59
22.6156018,120.3067772,22/11/2025 12:14
22.6155593,120.3067656,22/11/2025 12:17
22.6155197,120.3067978,22/11/2025 12:35
22.6155644,120.3068016,22/11/2025 12:36
22.6155644,120.3068016,22/11/2025 12:36
22.6155994,120.3067716,22/11/2025 12:51
22.615558,120.3068065,22/11/2025 13:06
22.6155871,120.3067694,22/11/2025 13:06
22.6154241,120.3068218,22/11/2025 13:12
22.6155743,120.3067965,22/11/2025 15:55
22.615562,120.3067984,22/11/2025 15:55
22.615562,120.3067984,22/11/2025 15:55
22.6155981,120.3067778,22/11/2025 16:10
22.6155965,120.3067779,22/11/2025 16:10
22.615603,120.3067738,22/11/2025 16:14
22.6155649,120.3068785,22/11/2025 16:14
22.6155555,120.3067996,22/11/2025 16:25
22.6155614,120.3068003,22/11/2025 16:40
22.6155879,120.3067831,22/11/2025 16:56
22.6155516,120.3068099,22/11/2025 22:58
22.6154902,120.3071253,22/11/2025 23:02
22.6154902,120.3071253,22/11/2025 23:05
22.6155556,120.3068028,22/11/2025 23:14
22.6156379,120.3067564,22/11/2025 23:29
22.6155498,120.3068043,22/11/2025 23:29
22.6156002,120.3067717,22/11/2025 23:44
22.6155965,120.3067782,22/11/2025 23:59
22.6155975,120.3067795,23/11/2025 00:00
22.6155407,120.3068276,23/11/2025 00:00
22.6155983,120.3067743,23/11/2025 00:14
22.6155991,120.3067772,23/11/2025 00:24
22.6155763,120.306806,23/11/2025 00:24
22.6155537,120.3067969,23/11/2025 00:29
22.6155992,120.3067731,23/11/2025 00:45
22.9029356,120.2973133,23/11/2025 02:10
22.9029356,120.2973133,23/11/2025 02:12
23.3572259,120.3275212,23/11/2025 02:26
23.4260886,120.4318182,23/11/2025 03:34
23.4436705,120.5420362,23/11/2025 03:49
23.4391344,120.6051046,23/11/2025 04:04
23.4687125,120.7179305,23/11/2025 05:10
23.4687125,120.7179305,23/11/2025 05:12
23.4909727,120.767349,23/11/2025 05:31
23.512169,120.8035024,23/11/2025 06:09
23.5122858,120.8038241,23/11/2025 06:25
23.5123631,120.8039567,23/11/2025 06:25
23.5102258,120.804296,23/11/2025 06:40
23.5102151,120.8042922,23/11/2025 06:40
23.5109198,120.8041509,23/11/2025 06:59
23.5108455,120.8041187,23/11/2025 07:18
23.5121305,120.8037871,23/11/2025 07:34
23.5121709,120.8038342,23/11/2025 07:50
23.5121183,120.8037869,23/11/2025 08:06
23.5121131,120.8037829,23/11/2025 08:06
23.5106794,120.8047315,23/11/2025 08:28
23.5144844,120.810249,23/11/2025 08:41
23.5167948,120.810946,23/11/2025 08:46
23.5190576,120.8130689,23/11/2025 08:57
23.5189205,120.8140999,23/11/2025 09:01
23.5169753,120.8131892,23/11/2025 09:17
23.5137846,120.8123523,23/11/2025 09:27
23.5133609,120.8094757,23/11/2025 09:38
23.5107741,120.8046476,23/11/2025 09:55
23.5108243,120.8046985,23/11/2025 10:09
23.5121191,120.8037846,23/11/2025 10:40
23.5121133,120.8037849,23/11/2025 10:41
23.5121169,120.8037795,23/11/2025 10:56
23.5121123,120.8037834,23/11/2025 11:05
23.5121123,120.8037834,23/11/2025 11:05
23.5121146,120.8037807,23/11/2025 11:13
23.5121159,120.8037804,23/11/2025 11:20
23.5121079,120.8038089,23/11/2025 11:35
23.5121129,120.8037833,23/11/2025 11:51
23.5121077,120.8037777,23/11/2025 13:07
23.5121077,120.8037777,23/11/2025 13:09
23.5121239,120.8037992,23/11/2025 13:25
23.5121387,120.8037959,23/11/2025 14:09
23.5121226,120.8037998,23/11/2025 14:24
23.5121139,120.8037836,23/11/2025 14:39
23.5121696,120.8038388,23/11/2025 14:54
23.5120244,120.8038177,23/11/2025 15:58
23.5121158,120.8037783,23/11/2025 18:22
23.5121133,120.8037835,23/11/2025 18:37
23.5121107,120.8037822,23/11/2025 21:07
23.512124,120.8037911,23/11/2025 21:22
23.5122905,120.8038172,23/11/2025 21:45
23.512229,120.8040839,23/11/2025 21:46
23.5099709,120.804629,23/11/2025 22:01
23.5099727,120.8046303,23/11/2025 22:01
23.5102714,120.8043637,23/11/2025 22:17
23.5134616,120.811567,23/11/2025 22:23
23.5199374,120.8161874,23/11/2025 22:27
23.5260711,120.8178117,23/11/2025 22:32
23.5101507,120.8230087,23/11/2025 22:47
23.5100845,120.8229555,23/11/2025 22:48
23.5061579,120.8238606,23/11/2025 23:04
23.5061641,120.8238542,23/11/2025 23:20
23.5061637,120.8238499,23/11/2025 23:37
23.5062317,120.823849,23/11/2025 23:55
23.4783186,120.8518683,24/11/2025 00:13
23.5073835,120.8230675,24/11/2025 00:15
23.5118732,120.8229516,24/11/2025 00:30
23.511604,120.8229851,24/11/2025 00:45
23.5116042,120.8229854,24/11/2025 00:45
23.5118278,120.8230914,24/11/2025 01:01
23.5165065,120.8195023,24/11/2025 01:15
23.5169408,120.8200255,24/11/2025 01:17
23.5114369,120.8156785,24/11/2025 01:31
23.5105969,120.8143421,24/11/2025 01:33
23.509017,120.8090304,24/11/2025 01:40
23.5071507,120.8060733,24/11/2025 01:49
23.5049978,120.803373,24/11/2025 02:04
23.5052906,120.8031353,24/11/2025 02:05
23.5101962,120.8071283,24/11/2025 02:19
23.5113117,120.8075419,24/11/2025 02:21
23.5130148,120.8110719,24/11/2025 02:30
23.5153853,120.8098435,24/11/2025 02:37
23.516727,120.8082071,24/11/2025 02:52
23.5166967,120.8082315,24/11/2025 02:53
23.5190537,120.8072536,24/11/2025 03:08
23.5176267,120.8094174,24/11/2025 03:24
23.5139584,120.8100446,24/11/2025 03:39
23.5109519,120.8047285,24/11/2025 03:48
23.5107932,120.8047116,24/11/2025 03:55
23.5121077,120.8037711,24/11/2025 04:10
23.5121137,120.8037834,24/11/2025 04:46
23.51196616,120.803294,24/11/2025 04:55
23.5085756,120.8014818,24/11/2025 05:10
23.5085705,120.8014769,24/11/2025 05:11
23.5085359,120.8015251,24/11/2025 05:27
23.508616,120.8015506,24/11/2025 05:53
23.5085601,120.801067,24/11/2025 06:09
23.50516613,120.7929697,24/11/2025 06:36
23.44848591,120.6772841,24/11/2025 07:28
23.4436745,120.6727181,24/11/2025 07:31
23.4375838,120.6643626,24/11/2025 07:34
23.41965934,120.6539004,24/11/2025 07:40
23.4193541,120.65301,24/11/2025 07:40
23.4318661,120.6416452,24/11/2025 07:55
23.4315236,120.6409501,24/11/2025 07:55
23.4341746,120.632466,24/11/2025 08:00
23.43575011,120.6220019,24/11/2025 08:03
23.4466112,120.5853077,24/11/2025 08:17
23.45273969,120.5618993,24/11/2025 08:28
23.4415166,120.5313926,24/11/2025 08:32
23.44731268,120.4830614,24/11/2025 08:41
23.41982194,120.4092624,24/11/2025 08:47
23.4198219,120.4092624,24/11/2025 08:47
23.42871498,120.3274854,24/11/2025 08:53
23.46083,120.2995466,24/11/2025 09:03
23.4586605,120.3231476,24/11/2025 09:18
23.4586733,120.3231406,24/11/2025 09:18
23.4590327,120.3231561,24/11/2025 09:41
23.4601089,120.3237959,24/11/2025 09:57
23.4595317,120.3239029,24/11/2025 10:08
23.4876591,120.3251044,24/11/2025 10:10
23.49474693,120.3254327,24/11/2025 10:10
23.5718666,120.3320476,24/11/2025 10:12
23.5812177,120.33261,24/11/2025 10:13
23.6269984,120.3417083,24/11/2025 10:14
23.8814401,120.5868603,24/11/2025 10:23
23.8810328,120.5861931,24/11/2025 10:23
23.8814401,120.5868603,24/11/2025 10:23
24.0926605,120.6140691,24/11/2025 10:28
24.2590679,120.652266,24/11/2025 10:39
24.4601494,120.7033958,24/11/2025 10:43
24.6403992,120.8941957,24/11/2025 10:49
24.6847474,120.9343847,24/11/2025 10:52
24.7460695,121.0146502,24/11/2025 10:52
24.7802101,121.0339089,24/11/2025 10:54
24.7801544,121.0338988,24/11/2025 10:54
24.8114141,121.0408451,24/11/2025 10:58
24.8773715,121.0634288,24/11/2025 11:00
24.94079981,121.1164077,24/11/2025 11:03
24.8962973,121.07887,24/11/2025 11:09
25.03868466,121.2412435,24/11/2025 11:14
25.04730159,121.3257657,24/11/2025 11:16
25.0131267,121.2147843,24/11/2025 11:23
25.0475823,121.5157675,24/11/2025 11:31
25.0567125,121.5389628,24/11/2025 11:46
25.0506766,121.5315943,24/11/2025 12:01
25.0506695,121.5315961,24/11/2025 12:01
25.0506741,121.5316091,24/11/2025 12:16
25.0506706,121.5316001,24/11/2025 12:24
25.0507057,121.5316479,24/11/2025 12:24
25.0506726,121.5315949,24/11/2025 12:32
25.0506566,121.5316086,24/11/2025 12:39
25.0506598,121.5315953,24/11/2025 12:39
25.0506754,121.5316044,24/11/2025 12:53
25.0506639,121.5315962,24/11/2025 12:55
25.0506875,121.5315911,24/11/2025 13:08
25.0506735,121.5315938,24/11/2025 13:10
25.0508261,121.5316106,24/11/2025 13:17
25.0506753,121.5316015,24/11/2025 14:30
25.0506813,121.5315947,24/11/2025 14:33
25.0506993,121.5316544,24/11/2025 14:49
25.0508271,121.531709,24/11/2025 15:04
25.0506911,121.5316178,24/11/2025 15:08
25.0506911,121.5316178,24/11/2025 15:10
25.0506626,121.5315875,24/11/2025 15:19
25.05067,121.5315963,24/11/2025 15:34
25.0506709,121.5316116,24/11/2025 15:50
25.0506596,121.5315967,24/11/2025 16:05
25.0506711,121.5316019,24/11/2025 16:20
25.0506539,121.5315977,24/11/2025 19:29
25.0506765,121.5315938,24/11/2025 20:15
25.050683,121.531597,24/11/2025 20:30
25.0506778,121.5315946,24/11/2025 20:46
25.0506796,121.5315997,24/11/2025 23:04
25.0506854,121.5315903,24/11/2025 23:14
25.0506801,121.5315885,24/11/2025 23:19
25.0506778,121.5315962,24/11/2025 23:29
25.0506617,121.531591,24/11/2025 23:35
25.0506693,121.5315934,24/11/2025 23:50
25.0506705,121.5315912,25/11/2025 00:05
25.0506741,121.5315987,25/11/2025 00:16
25.0506694,121.531592,25/11/2025 00:20
25.0506573,121.5316059,25/11/2025 00:45
25.0506573,121.5316059,25/11/2025 00:47
25.0506679,121.5315916,25/11/2025 00:56
25.0506698,121.5315908,25/11/2025 01:11
25.0506574,121.5316033,25/11/2025 02:48
25.0506771,121.5316103,25/11/2025 02:53
25.0506725,121.5315987,25/11/2025 02:53
25.0506792,121.5315906,25/11/2025 02:58
25.05989296,121.5369997,25/11/2025 03:06
25.0730224,121.53812,25/11/2025 03:08
25.07956649,121.5445186,25/11/2025 03:11
25.1018764,121.5485519,25/11/2025 03:25
25.1023978,121.5482936,25/11/2025 03:40
25.1023724,121.5482999,25/11/2025 03:41
25.1020638,121.5479467,25/11/2025 03:57
25.1025582,121.5491948,25/11/2025 04:12
25.1028143,121.5486123,25/11/2025 04:28
25.102551,121.5491522,25/11/2025 04:51
25.1025703,121.5490886,25/11/2025 05:08
25.1027125,121.5480952,25/11/2025 05:29
25.1021064,121.5478939,25/11/2025 05:53
25.1025653,121.5486191,25/11/2025 06:10
25.101996,121.5488377,25/11/2025 06:26
25.1019882,121.5493368,25/11/2025 06:42
25.102056,121.5492841,25/11/2025 06:57
25.0975406,121.5448743,25/11/2025 07:03
25.0985998,121.5372542,25/11/2025 07:04
25.0930199,121.5278605,25/11/2025 07:11
25.0872045,121.5263185,25/11/2025 07:13
25.0699212,121.5222047,25/11/2025 07:28
25.07079,121.5193561,25/11/2025 07:44
25.0708058,121.5193511,25/11/2025 07:44
25.0720743,121.5244268,25/11/2025 08:05
25.0718935,121.5247031,25/11/2025 08:23
25.071889,121.524853,25/11/2025 08:28
25.0718961,121.5249334,25/11/2025 08:41
25.0718745,121.5248844,25/11/2025 09:18
25.0724266,121.5245013,25/11/2025 09:33
25.0728579,121.524448,25/11/2025 09:49
25.0718051,121.524794,25/11/2025 10:06
25.0725044,121.524775,25/11/2025 10:21
25.06932124,121.5198931,25/11/2025 10:34
25.0622644,121.5195865,25/11/2025 10:35
25.0335569,121.5357058,25/11/2025 10:49
25.0332455,121.5533005,25/11/2025 10:53
25.0342955,121.5647798,25/11/2025 11:08
25.0341195,121.5647727,25/11/2025 11:13
25.0337171,121.5647184,25/11/2025 11:29
25.0337599,121.5646793,25/11/2025 11:45
25.0339779,121.5647423,25/11/2025 12:03
25.036052,121.564729,25/11/2025 12:17
25.0359939,121.5612371,25/11/2025 12:32
25.03223441,121.5589809,25/11/2025 12:34
25.02770992,121.5563818,25/11/2025 12:37
25.02081661,121.5482875,25/11/2025 12:39
25.0069768,121.5585043,25/11/2025 12:48
25.0335133,121.5435967,25/11/2025 13:03
25.0340211,121.5436378,25/11/2025 13:03
25.03861401,121.5437391,25/11/2025 13:03
25.04826865,121.5440012,25/11/2025 13:06
25.0498705,121.5778489,25/11/2025 13:16
25.0501538,121.5773894,25/11/2025 13:21
25.050867,121.5770676,25/11/2025 13:36
25.0508707,121.5770796,25/11/2025 13:37
25.050302,121.5730043,25/11/2025 14:07
25.0506918,121.5761213,25/11/2025 14:27
25.0501568,121.5727234,25/11/2025 14:49
25.0500793,121.5769262,25/11/2025 15:06
25.051161,121.563937,25/11/2025 15:12
25.0512179,121.5328921,25/11/2025 15:21
25.0507769,121.5315706,25/11/2025 15:24
25.0507069,121.5316156,25/11/2025 15:27
25.050691,121.5316168,25/11/2025 15:37
25.0506679,121.5316031,25/11/2025 15:42
25.0506748,121.5315989,25/11/2025 15:52
25.0506866,121.5316041,25/11/2025 15:57
25.0507011,121.5316221,25/11/2025 15:57
25.0506714,121.5315971,25/11/2025 16:12
25.050675,121.5316234,25/11/2025 16:12
25.0506733,121.5316019,25/11/2025 16:27
25.0506724,121.5316011,25/11/2025 16:43
25.0506883,121.5316183,25/11/2025 16:52
25.0506731,121.5316009,25/11/2025 17:07
25.0506735,121.5315918,25/11/2025 17:22
25.0506803,121.5315962,25/11/2025 17:38
25.0506998,121.5315921,25/11/2025 23:07
25.0506761,121.5315985,25/11/2025 23:10
25.05068,121.5315988,25/11/2025 23:23
25.0506836,121.5316014,25/11/2025 23:25
25.05068,121.5316044,25/11/2025 23:38
25.0506683,121.5315999,25/11/2025 23:40
25.050712,121.5316157,25/11/2025 23:53
25.0506818,121.5316023,25/11/2025 23:56
25.0507362,121.5315758,26/11/2025 00:13
25.0506731,121.5315912,26/11/2025 00:28
25.050676,121.5315935,26/11/2025 00:43
25.0506798,121.5315942,26/11/2025 00:58
25.0506847,121.5315942,26/11/2025 01:31
25.0509263,121.5316357,26/11/2025 01:47
25.050925,121.5316306,26/11/2025 02:02
25.0505545,121.5308059,26/11/2025 02:17
25.04532399,121.5303327,26/11/2025 02:31
25.0444552,121.5301385,26/11/2025 02:32
25.0448375,121.5239411,26/11/2025 02:51
25.0451653,121.5229989,26/11/2025 02:53
25.0498443,121.521708,26/11/2025 03:02
25.0507309,121.5188666,26/11/2025 03:11
25.0509427,121.5184435,26/11/2025 03:26
25.0507788,121.5184655,26/11/2025 03:33
25.0508379,121.518551,26/11/2025 03:52
25.0507063,121.5186347,26/11/2025 04:09
25.0506474,121.5187215,26/11/2025 04:27
25.0507247,121.5190009,26/11/2025 04:42
25.0506477,121.519328,26/11/2025 05:00
25.0520507,121.5126093,26/11/2025 05:14
25.0520544,121.5126107,26/11/2025 05:15
25.051852,121.5126394,26/11/2025 05:30
25.0538419,121.5101993,26/11/2025 05:45
25.05689633,121.5098212,26/11/2025 05:54
25.0576787,121.508656,26/11/2025 06:00
25.05274858,121.5065071,26/11/2025 06:17
25.0526826,121.5064867,26/11/2025 06:17
25.0508681,121.5070368,26/11/2025 06:32
25.04780302,121.5051426,26/11/2025 06:41
25.0434635,121.5035646,26/11/2025 06:47
25.04232969,121.5023256,26/11/2025 06:50
25.0369209,121.5000459,26/11/2025 07:03
25.0373897,121.5000087,26/11/2025 07:18
25.0373956,121.5000075,26/11/2025 07:20
25.0367933,121.503373,26/11/2025 07:40
25.0390482,121.5040911,26/11/2025 07:44
25.0405726,121.50464,26/11/2025 07:48
25.042178,121.5071247,26/11/2025 08:06
25.0453921,121.5077533,26/11/2025 08:16
25.0441141,121.5084827,26/11/2025 08:21
25.0450862,121.5097286,26/11/2025 08:36
25.04522241,121.5134676,26/11/2025 08:43
25.0447458,121.5167839,26/11/2025 08:53
25.0444535,121.5169828,26/11/2025 09:19
25.04041138,121.5152595,26/11/2025 09:26
25.0373855,121.5176078,26/11/2025 09:35
25.035775,121.5188245,26/11/2025 09:39
25.0353218,121.5210316,26/11/2025 09:50
25.035276,121.5212251,26/11/2025 10:05
25.0353542,121.5212933,26/11/2025 10:05
25.0348325,121.5222776,26/11/2025 10:20
25.034768,121.5221981,26/11/2025 10:36
25.0323896,121.5230876,26/11/2025 10:51
25.0319809,121.5262284,26/11/2025 10:56
25.0338357,121.5301312,26/11/2025 11:07
25.0336741,121.5300621,26/11/2025 11:23
25.0522855,121.5329682,26/11/2025 11:40
25.0506707,121.5315996,26/11/2025 11:55
25.0506623,121.5316023,26/11/2025 11:59
25.0506732,121.5315944,26/11/2025 12:17
25.0506725,121.5315965,26/11/2025 12:41
25.0506784,121.5315958,26/11/2025 13:04
25.0506736,121.5316078,26/11/2025 13:19
25.0506857,121.531598,26/11/2025 13:34
25.0506736,121.5316016,26/11/2025 13:50
25.0506781,121.531597,26/11/2025 13:58
25.0506882,121.5316243,26/11/2025 14:13
25.0506817,121.5315861,26/11/2025 14:13
25.0508188,121.5317641,26/11/2025 14:28
25.0506723,121.5316075,26/11/2025 14:32
25.0506883,121.531607,26/11/2025 14:43
25.0506693,121.5315991,26/11/2025 14:55
25.0506827,121.5316,26/11/2025 14:59
25.050678,121.5315985,26/11/2025 15:14
25.0506527,121.5315992,26/11/2025 15:29
25.0506647,121.5316022,26/11/2025 15:44
25.0506526,121.5316006,26/11/2025 16:00
25.0506584,121.5315945,26/11/2025 16:15
25.0506723,121.5316093,26/11/2025 16:23
25.0506833,121.5316013,26/11/2025 16:38
25.0506572,121.5315992,26/11/2025 16:53
25.05066,121.5316043,26/11/2025 17:09
25.0506659,121.531606,26/11/2025 17:24
25.050675,121.5316045,26/11/2025 17:39
25.0506814,121.5316151,26/11/2025 17:54
25.0506801,121.531599,26/11/2025 18:10
25.0506712,121.5315979,26/11/2025 18:25
25.0506651,121.5315914,26/11/2025 18:40
25.050671,121.5315936,26/11/2025 18:55
25.0506799,121.5315983,26/11/2025 19:11
25.0506674,121.5315931,26/11/2025 19:26
25.0506714,121.5316062,26/11/2025 19:41
25.0506645,121.5316002,26/11/2025 19:57
25.050658,121.5315979,26/11/2025 20:12
25.0506707,121.5316127,26/11/2025 20:27
25.0506637,121.5315948,26/11/2025 20:42
25.0506777,121.5316044,26/11/2025 20:57
25.0506737,121.5316027,26/11/2025 21:13
25.0506921,121.5315981,26/11/2025 21:28
25.0506763,121.5316136,26/11/2025 21:43
25.050672,121.5316048,26/11/2025 21:59
25.0506593,121.5315979,26/11/2025 22:14
25.0506638,121.5315944,26/11/2025 22:29
25.0506645,121.5316212,26/11/2025 22:44
25.0506778,121.5316037,26/11/2025 23:00
25.0506723,121.5315977,26/11/2025 23:02
25.0506739,121.5315974,26/11/2025 23:17
25.0506684,121.5315962,26/11/2025 23:35
25.050664,121.5316117,26/11/2025 23:46
25.0506613,121.5315976,26/11/2025 23:51
25.0506776,121.5315913,27/11/2025 00:06
25.0506884,121.5315855,27/11/2025 00:12
25.0506711,121.5315907,27/11/2025 00:21
25.0506673,121.5315911,27/11/2025 00:23
25.0506675,121.5315972,27/11/2025 00:25
25.050699,121.5315913,27/11/2025 00:30
25.0506774,121.5315909,27/11/2025 01:23
25.0506307,121.5315981,27/11/2025 01:50
25.050721,121.5315947,27/11/2025 01:50
25.0507938,121.5315815,27/11/2025 02:10
25.0507938,121.5315815,27/11/2025 02:13
25.050674,121.531598,27/11/2025 02:42
25.0506724,121.5316014,27/11/2025 02:42
25.0506993,121.531588,27/11/2025 02:42
25.0506668,121.5316039,27/11/2025 02:44
25.0506689,121.5316005,27/11/2025 02:58
25.050697,121.5316049,27/11/2025 02:59
25.0506878,121.5315983,27/11/2025 03:05
25.0506742,121.5315884,27/11/2025 03:14
25.0506768,121.5315887,27/11/2025 03:23
25.0497019,121.5103239,27/11/2025 04:00
25.0489486,121.5142643,27/11/2025 04:05
25.0537187,121.4945108,27/11/2025 04:18
25.04981559,121.4906706,27/11/2025 04:18
25.0555345,121.4825472,27/11/2025 04:20
25.0594391,121.4804488,27/11/2025 04:20
25.06525312,121.4760328,27/11/2025 04:21
25.06112494,121.4527736,27/11/2025 04:26
25.03460726,121.4245752,27/11/2025 04:29
25.0601278,121.3712752,27/11/2025 04:36
25.06652054,121.3525116,27/11/2025 04:39
25.0828567,121.2742918,27/11/2025 04:47
25.0815149,121.2389573,27/11/2025 04:55
25.0823228,121.2374753,27/11/2025 05:10
25.0822812,121.2374867,27/11/2025 05:10
25.0813628,121.2371891,27/11/2025 05:27
25.0840111,121.2379956,27/11/2025 05:42
25.0843878,121.2382077,27/11/2025 05:59
25.0843914,121.2382564,27/11/2025 06:15
25.0843501,121.2381804,27/11/2025 06:32
22.3079671,114.1727486,27/11/2025 13:21
22.3077682,114.1725431,27/11/2025 13:30
22.3079479,114.1726987,27/11/2025 13:45
22.3076778,114.1733493,27/11/2025 14:00
22.3079443,114.1727306,27/11/2025 14:15
22.307591,114.1725122,27/11/2025 14:30
22.3078162,114.1724781,27/11/2025 15:26
22.3080098,114.1727722,27/11/2025 15:42
22.3078864,114.172608,27/11/2025 16:27
22.307895,114.1727314,27/11/2025 16:44
22.3078482,114.1724836,27/11/2025 17:14
22.3078282,114.1724854,27/11/2025 17:30
22.3078569,114.172461,27/11/2025 19:35
22.3078242,114.1724854,27/11/2025 22:54
22.3078096,114.1724635,27/11/2025 23:09
22.3077561,114.17254,27/11/2025 23:24
22.3077356,114.1725602,28/11/2025 00:15
22.3075624,114.1735502,28/11/2025 00:30
22.3079791,114.1727116,28/11/2025 00:45
22.3080156,114.1727675,28/11/2025 02:19
22.3079605,114.1726546,28/11/2025 03:49
22.3066259,114.1720981,28/11/2025 04:15
22.3065643,114.1721506,28/11/2025 04:33
22.3065985,114.1723784,28/11/2025 04:36
22.3065897,114.1722798,28/11/2025 04:37
22.3060741,114.1724912,28/11/2025 04:38
22.3063137,114.1732641,28/11/2025 04:40
22.3058619,114.1738958,28/11/2025 04:41
22.3035537,114.1739399,28/11/2025 04:43
22.3031818,114.1751214,28/11/2025 04:45
22.3032825,114.1753949,28/11/2025 04:45
22.3035332,114.1742363,28/11/2025 04:46
22.3035083,114.1761344,28/11/2025 04:46
22.3029367,114.1769259,28/11/2025 04:47
22.3027489,114.1774304,28/11/2025 04:47
22.3029919,114.1769326,28/11/2025 04:48
22.3028047,114.1772272,28/11/2025 04:48
22.3027739,114.1772932,28/11/2025 04:49
22.3029089,114.1774227,28/11/2025 04:50
22.3015021,114.1787154,28/11/2025 04:51
22.3026053,114.1783311,28/11/2025 04:51
22.3015005,114.1782681,28/11/2025 04:52
22.3005386,114.1777314,28/11/2025 04:53
22.3011457,114.1773208,28/11/2025 04:56
22.3016907,114.1771314,28/11/2025 04:59
22.3018184,114.1773515,28/11/2025 05:23
22.3019137,114.1774619,28/11/2025 05:36
22.3025275,114.1775978,28/11/2025 06:02
22.301592,114.1770971,28/11/2025 06:19
22.3015822,114.1771021,28/11/2025 06:21
22.3006956,114.1763391,28/11/2025 06:25
22.30115853,114.1766463,28/11/2025 06:26
22.30096036,114.1768565,28/11/2025 06:27
22.3003235,114.1762238,28/11/2025 06:29
22.2995681,114.1756352,28/11/2025 06:29
22.2990894,114.1755931,28/11/2025 06:30
22.2983019,114.1756587,28/11/2025 06:31
22.2986265,114.1755582,28/11/2025 06:31
22.2987732,114.175561,28/11/2025 06:32
22.296773,114.1754461,28/11/2025 06:34
22.302166,114.176592,28/11/2025 06:36
22.2940341,114.1722071,28/11/2025 06:41
22.2936511,114.1717912,28/11/2025 06:44
22.2934005,114.1721263,28/11/2025 06:46
22.2935924,114.1720685,28/11/2025 06:46
22.2935021,114.1713541,28/11/2025 06:50
22.2934512,114.1718597,28/11/2025 06:54
22.2936429,114.1719234,28/11/2025 07:04
22.2935596,114.1718775,28/11/2025 07:04
22.2936359,114.1716067,28/11/2025 07:14
22.2934445,114.1718626,28/11/2025 07:29
22.2934697,114.171921,28/11/2025 07:32
22.2934822,114.1718799,28/11/2025 07:37
22.2936393,114.1723844,28/11/2025 07:39
22.29347,114.1721443,28/11/2025 07:45
22.2934858,114.1720246,28/11/2025 07:51
22.2948762,114.1714849,28/11/2025 08:03
22.2933165,114.1710848,28/11/2025 08:04
22.2932989,114.1715198,28/11/2025 08:04
22.2932473,114.1717697,28/11/2025 08:04
22.2933037,114.171534,28/11/2025 08:05
22.293623,114.1727324,28/11/2025 08:07
22.2931071,114.1731154,28/11/2025 08:08
22.2934266,114.1735466,28/11/2025 08:09
22.2931004,114.1744062,28/11/2025 08:10
22.2930914,114.1736554,28/11/2025 08:10
22.2933811,114.1739749,28/11/2025 08:11
22.293127,114.1748764,28/11/2025 08:13
22.2931981,114.1744674,28/11/2025 08:15
22.2931659,114.1748573,28/11/2025 08:15
22.2934918,114.1751605,28/11/2025 08:16
22.2954745,114.1762935,28/11/2025 08:22
22.2953517,114.1762196,28/11/2025 08:23
22.2956823,114.1766661,28/11/2025 08:24
22.29675503,114.1748989,28/11/2025 08:27
22.29708852,114.1755174,28/11/2025 08:28
22.2972934,114.1752214,28/11/2025 08:30
22.2969222,114.1755636,28/11/2025 08:30
22.2974471,114.1742277,28/11/2025 08:31
22.2969083,114.1743966,28/11/2025 08:31
22.29727211,114.174403,28/11/2025 08:31
22.2974186,114.1744519,28/11/2025 08:32
22.2979704,114.1736525,28/11/2025 08:33
22.2982791,114.173535,28/11/2025 08:33
22.2981916,114.1735447,28/11/2025 08:34
22.2983074,114.1739368,28/11/2025 08:34
22.2982144,114.1738203,28/11/2025 08:35
22.2995446,114.1738335,28/11/2025 08:38
22.2995068,114.1734046,28/11/2025 08:39
22.2993871,114.1734722,28/11/2025 08:39
22.29999945,114.1733974,28/11/2025 08:39
22.3000567,114.1740587,28/11/2025 08:40
22.3001338,114.1736186,28/11/2025 08:41
22.2998499,114.1736772,28/11/2025 08:44
22.2993138,114.1734678,28/11/2025 08:45
22.2999761,114.1737712,28/11/2025 08:51
22.299863,114.173662,28/11/2025 08:52
22.3000725,114.1738372,28/11/2025 08:59
22.2998622,114.1736498,28/11/2025 08:59
22.2998455,114.1736953,28/11/2025 09:04
22.3002051,114.1738673,28/11/2025 09:08
22.2998729,114.1731997,28/11/2025 09:08
22.2996472,114.1734197,28/11/2025 09:09
22.299478,114.1734903,28/11/2025 09:09
22.2994877,114.1736745,28/11/2025 09:10
22.299168,114.1735406,28/11/2025 09:10
22.2985778,114.173658,28/11/2025 09:11
22.2978057,114.1739684,28/11/2025 09:12
22.2981999,114.1730623,28/11/2025 09:12
22.2972004,114.1736801,28/11/2025 09:13
22.297604,114.1732068,28/11/2025 09:13
22.2976936,114.1728832,28/11/2025 09:13
22.297158,114.1723324,28/11/2025 09:14
22.2968729,114.1722818,28/11/2025 09:16
22.2967035,114.1722324,28/11/2025 09:17
22.29724,114.1722903,28/11/2025 09:18
22.2975358,114.1722059,28/11/2025 09:19
22.2973857,114.1722502,28/11/2025 09:19
22.3048028,114.1717597,28/11/2025 09:21
22.3047129,114.1717207,28/11/2025 09:22
22.3051292,114.1716621,28/11/2025 09:23
22.3057667,114.172358,28/11/2025 09:24
22.3065838,114.1722512,28/11/2025 09:26
22.3079028,114.1724356,28/11/2025 09:27
22.3078058,114.1725433,28/11/2025 09:28
22.3078414,114.1724712,28/11/2025 09:31
22.3080012,114.1727709,28/11/2025 10:01
22.3078437,114.1724956,28/11/2025 10:16
22.3056662,114.1663229,28/11/2025 10:43
22.305171,114.1663076,28/11/2025 10:44
22.3050661,114.1663349,28/11/2025 10:45
22.3049582,114.1663348,28/11/2025 10:45
22.2956325,114.1748747,28/11/2025 10:48
22.3026241,114.182222,28/11/2025 10:50
22.3304608,114.1993576,28/11/2025 10:59
22.3303647,114.1992858,28/11/2025 10:59
22.330435,114.1992751,28/11/2025 11:00
22.3300342,114.1989429,28/11/2025 11:01
22.330484,114.1989205,28/11/2025 11:02
22.3285277,114.19789,28/11/2025 11:04
22.3281371,114.1974,28/11/2025 11:05
22.3273404,114.1967586,28/11/2025 11:06
22.3263975,114.196191,28/11/2025 11:08
22.3245206,114.1962185,28/11/2025 11:11
22.32430086,114.1961647,28/11/2025 11:12
22.3239731,114.1960779,28/11/2025 11:13
22.3239859,114.196143,28/11/2025 11:15
22.3238634,114.1965861,28/11/2025 11:25
22.3223105,114.1971867,28/11/2025 11:33
22.3224039,114.1973636,28/11/2025 11:46
22.3223408,114.1972206,28/11/2025 12:11
22.322313,114.1971997,28/11/2025 12:35
22.3223423,114.1972159,28/11/2025 12:47
22.3222919,114.1971893,28/11/2025 13:03
22.3223278,114.1972195,28/11/2025 13:31
22.3223154,114.1972231,28/11/2025 14:58
22.3224346,114.1982034,28/11/2025 15:01
22.3221837,114.1993153,28/11/2025 15:02
22.323533,114.1967177,28/11/2025 15:06
22.324024,114.1962726,28/11/2025 15:07
22.3248715,114.1960859,28/11/2025 15:08
22.3270255,114.1964275,28/11/2025 15:11
22.3273006,114.1966029,28/11/2025 15:11
22.32824894,114.1980346,28/11/2025 15:13
22.3299392,114.1986634,28/11/2025 15:16
22.3303017,114.1992172,28/11/2025 15:17
22.3307483,114.1996783,28/11/2025 15:18
22.2958864,114.17553,28/11/2025 15:29
22.3037316,114.1670114,28/11/2025 15:33
22.3059293,114.1671721,28/11/2025 15:37
22.306009,114.1680016,28/11/2025 15:38
22.3057737,114.1680255,28/11/2025 15:39
22.305746,114.1682398,28/11/2025 15:39
22.3055747,114.1685735,28/11/2025 15:40
22.305667,114.1690828,28/11/2025 15:40
22.3052626,114.1692428,28/11/2025 15:41
22.3054906,114.1702722,28/11/2025 15:42
22.30529857,114.1701795,28/11/2025 15:42
22.30517264,114.1703996,28/11/2025 15:42
22.3054426,114.1703901,28/11/2025 15:43
22.3053891,114.1687345,28/11/2025 15:44
22.3054175,114.1698913,28/11/2025 15:50
22.3054402,114.1703012,28/11/2025 16:06
22.3054465,114.170328,28/11/2025 16:13
22.305438,114.1703684,28/11/2025 16:14
22.305605,114.1707651,28/11/2025 16:17
22.3055272,114.1713022,28/11/2025 16:18
22.30543214,114.1715099,28/11/2025 16:18
22.3054178,114.1717905,28/11/2025 16:19
22.3071502,114.1724181,28/11/2025 16:23
22.3078422,114.1724267,28/11/2025 16:41
22.3079269,114.172695,28/11/2025 16:56
22.3074813,114.1724743,28/11/2025 17:11
22.3078622,114.1725216,28/11/2025 17:26
22.3075884,114.1731532,28/11/2025 17:41
22.3078121,114.1724771,28/11/2025 17:57
22.3078456,114.172507,28/11/2025 18:12
22.3079931,114.1727478,29/11/2025 00:45
22.3078316,114.172424,29/11/2025 01:36
22.3078006,114.1724407,29/11/2025 01:50
22.3075291,114.1726295,29/11/2025 02:06
22.3056303,114.1685448,29/11/2025 02:32
22.30537512,114.1688325,29/11/2025 02:33
22.3056901,114.1688175,29/11/2025 02:33
22.3059922,114.1675923,29/11/2025 02:34
22.3050352,114.1663249,29/11/2025 02:38
22.3049232,114.1663232,29/11/2025 02:39
22.3060053,114.1820617,29/11/2025 02:45
22.3092955,114.1826571,29/11/2025 02:46
22.3258655,114.191116,29/11/2025 02:50
22.3397289,114.2010207,29/11/2025 02:55
22.3634262,114.1706179,29/11/2025 02:59
22.3723621,114.1780423,29/11/2025 03:02
22.3748408,114.1853858,29/11/2025 03:04
22.3750221,114.1848608,29/11/2025 03:06
22.3765864,114.1855295,29/11/2025 03:15
22.3769461,114.1859091,29/11/2025 03:46
22.3767623,114.1856396,29/11/2025 03:55
22.3768361,114.1854291,29/11/2025 04:03
22.3768686,114.1859578,29/11/2025 04:29
22.3772856,114.1858232,29/11/2025 04:34
22.3771485,114.1852754,29/11/2025 04:49
22.3768379,114.1855174,29/11/2025 05:00
22.3769476,114.1857338,29/11/2025 05:01
22.3779736,114.1860876,29/11/2025 05:07
22.3785946,114.1863425,29/11/2025 05:11
22.3795668,114.187439,29/11/2025 05:14
22.3803648,114.1875314,29/11/2025 05:16
22.3803269,114.1875449,29/11/2025 05:17
22.3803533,114.1875679,29/11/2025 05:22
22.3803605,114.187562,29/11/2025 05:25
22.3803069,114.1875537,29/11/2025 05:27
22.3803433,114.1875577,29/11/2025 05:28
22.380315,114.1874787,29/11/2025 05:29
22.3802851,114.1875669,29/11/2025 05:31
22.3805538,114.1877063,29/11/2025 05:31
22.3814665,114.1882774,29/11/2025 05:34
22.3811752,114.1881865,29/11/2025 05:36
22.3812287,114.1882069,29/11/2025 05:38
22.3808896,114.1881518,29/11/2025 05:49
22.3806631,114.1881618,29/11/2025 05:50
22.3819992,114.1883849,29/11/2025 05:52
22.3823491,114.1878786,29/11/2025 05:53
22.3831758,114.1878065,29/11/2025 05:54
22.3819623,114.1868489,29/11/2025 05:55
22.3733561,114.1787396,29/11/2025 05:57
22.3731394,114.1784993,29/11/2025 05:57
22.3373429,114.1756634,29/11/2025 06:01
22.3368607,114.1765859,29/11/2025 06:04
22.3368654,114.1765784,29/11/2025 06:07
22.3242526,114.1684249,29/11/2025 06:11
22.3242134,114.1684394,29/11/2025 06:12
22.3125348,114.1707406,29/11/2025 06:14
22.3124073,114.1708141,29/11/2025 06:15
22.3125788,114.1708019,29/11/2025 06:16
22.3124433,114.170845,29/11/2025 06:17
22.312677,114.1708109,29/11/2025 06:18
22.3121049,114.1707544,29/11/2025 06:19
22.31178283,114.1706686,29/11/2025 06:22
22.3117605,114.1708685,29/11/2025 06:23
22.3117102,114.1710753,29/11/2025 06:24
22.3117626,114.1708114,29/11/2025 06:25
22.3119271,114.1706036,29/11/2025 06:25
22.3115781,114.1710043,29/11/2025 06:29
22.3107294,114.1709445,29/11/2025 06:31
22.31050217,114.1710024,29/11/2025 06:31
22.3099608,114.1710523,29/11/2025 06:33
22.31011565,114.1710844,29/11/2025 06:33
22.3090874,114.1711335,29/11/2025 06:34
22.3092867,114.1715019,29/11/2025 06:36
22.3081965,114.1717867,29/11/2025 06:39
22.3077622,114.1724501,29/11/2025 06:59
22.3075987,114.1724561,29/11/2025 07:00
22.3077626,114.1723743,29/11/2025 07:04
22.3077286,114.1723178,29/11/2025 07:05
22.3076506,114.1724551,29/11/2025 07:06
22.3075551,114.1735304,29/11/2025 07:45
22.3079592,114.1726632,29/11/2025 07:50
22.3077674,114.1729106,29/11/2025 08:05
22.3078729,114.1725233,29/11/2025 08:20
22.3090023,114.1710955,29/11/2025 08:57
22.3089752,114.17122,29/11/2025 09:00
22.3089306,114.1712145,29/11/2025 09:05
22.3090265,114.1711503,29/11/2025 09:07
22.30915887,114.171078,29/11/2025 09:08
22.3090215,114.1709703,29/11/2025 09:11
22.3089262,114.1711864,29/11/2025 09:12
22.308684,114.1718369,29/11/2025 09:13
22.308261,114.1715525,29/11/2025 09:13
22.3086871,114.1709501,29/11/2025 09:15
22.3087389,114.170988,29/11/2025 09:16
22.30846587,114.1704397,29/11/2025 09:23
22.307635,114.1704857,29/11/2025 09:24
22.3078928,114.1704379,29/11/2025 09:24
22.3075863,114.1703317,29/11/2025 09:25
22.3072772,114.1706284,29/11/2025 09:26
22.30672752,114.1699748,29/11/2025 09:28
22.3067338,114.1699993,29/11/2025 09:29
22.3062537,114.1699922,29/11/2025 09:30
22.3060497,114.1702156,29/11/2025 09:31
22.3061185,114.1701051,29/11/2025 09:31
22.3057269,114.170554,29/11/2025 09:33
22.30591595,114.1708593,29/11/2025 09:34
22.3064841,114.1715242,29/11/2025 09:35
22.3067673,114.1714579,29/11/2025 09:36
22.3077637,114.1715825,29/11/2025 09:38
22.3081546,114.1714163,29/11/2025 09:39
22.3085514,114.1709329,29/11/2025 09:40
22.3080673,114.171506,29/11/2025 09:44
22.3078571,114.1724111,29/11/2025 09:47
22.3077413,114.1725025,29/11/2025 10:02
22.3084122,114.171718,29/11/2025 10:04
22.3085397,114.1709199,29/11/2025 10:05
22.3086514,114.1709059,29/11/2025 10:08
22.3083073,114.1714909,29/11/2025 10:13
22.30848043,114.171835,29/11/2025 10:14
22.3080756,114.1722377,29/11/2025 10:15
22.30835,114.1716733,29/11/2025 10:15
22.30813532,114.1725021,29/11/2025 10:16
22.3077934,114.1724369,29/11/2025 10:17
22.30837386,114.1718044,29/11/2025 10:25
22.3088088,114.171361,29/11/2025 10:27
22.3113737,114.1708602,29/11/2025 10:30
22.31134959,114.1709887,29/11/2025 10:31
22.3115613,114.1710792,29/11/2025 10:32
22.3116946,114.1708967,29/11/2025 10:32
22.3117268,114.170824,29/11/2025 10:33
22.3117513,114.1708073,29/11/2025 10:34
22.3119161,114.1708563,29/11/2025 10:35
22.3123209,114.1708359,29/11/2025 10:37
22.3103968,114.1820762,29/11/2025 10:41
22.3092546,114.1827109,29/11/2025 10:43
22.316398,114.1876298,29/11/2025 10:45
22.31638,114.1876303,29/11/2025 10:46
22.3258636,114.1911785,29/11/2025 10:48
22.3256683,114.1909387,29/11/2025 10:49
22.32388228,114.193508,29/11/2025 10:54
22.3224631,114.1950251,29/11/2025 10:59
22.3221945,114.1958169,29/11/2025 11:00
22.3214874,114.1963965,29/11/2025 11:03
22.3221678,114.1982039,29/11/2025 11:10
22.3221613,114.1981848,29/11/2025 11:11
22.4460741,114.034457,29/11/2025 11:12
22.3221436,114.1981677,29/11/2025 11:12
22.3223576,114.1982112,29/11/2025 11:15
22.3223599,114.1981973,29/11/2025 11:17
22.3226608,114.1982092,29/11/2025 11:18
22.3223379,114.197224,29/11/2025 11:29
22.3222884,114.1972052,29/11/2025 11:48
22.3223114,114.1972227,29/11/2025 11:52
22.3223384,114.1972414,29/11/2025 12:03
22.3223235,114.1972214,29/11/2025 12:05
22.3223157,114.1972137,29/11/2025 12:07
22.3224088,114.1972374,29/11/2025 13:05
22.322321,114.1972216,29/11/2025 13:20
22.3221359,114.1972395,29/11/2025 13:36
22.3223475,114.1981937,29/11/2025 13:56
22.3223201,114.1972145,29/11/2025 14:02
22.3223234,114.1971973,29/11/2025 15:04
22.3222847,114.1972212,29/11/2025 15:07
22.3223471,114.197231,29/11/2025 15:08
22.321867,114.1983841,29/11/2025 15:09
22.3216417,114.196109,29/11/2025 15:13
22.3227391,114.194929,29/11/2025 15:17
22.3258455,114.1911578,29/11/2025 15:23
22.3258185,114.1909633,29/11/2025 15:24
22.309391,114.1826346,29/11/2025 15:28
22.3097653,114.1826491,29/11/2025 15:29
22.3092224,114.1827089,29/11/2025 15:30
22.3080333,114.1848582,29/11/2025 15:34
22.3122642,114.1708688,29/11/2025 15:37
22.3120649,114.1707563,29/11/2025 15:39
22.31146,114.1711971,29/11/2025 15:40
22.3114683,114.1711016,29/11/2025 15:41
22.3119257,114.1705956,29/11/2025 15:41
22.3119059,114.1706968,29/11/2025 15:42
22.3116537,114.1712541,29/11/2025 15:42
22.31131552,114.1712742,29/11/2025 15:43
22.3119185,114.170971,29/11/2025 15:44
22.3117692,114.1710904,29/11/2025 15:45
22.3117339,114.1708269,29/11/2025 15:45
22.3124632,114.1706811,29/11/2025 15:49
22.3093089,114.1712312,29/11/2025 15:52
22.3074124,114.1715155,29/11/2025 15:53
22.30910794,114.1713688,29/11/2025 15:53
22.3105278,114.1712534,29/11/2025 15:54
22.3085087,114.1712585,29/11/2025 15:54
22.3078928,114.1717594,29/11/2025 15:55
22.308389,114.1710194,29/11/2025 15:55
22.30834333,114.17128,29/11/2025 15:56
22.307911,114.1715424,29/11/2025 15:59
22.3082033,114.1713325,29/11/2025 16:00
22.3084506,114.1712641,29/11/2025 16:01
22.3078486,114.1724196,29/11/2025 16:02
22.3078016,114.172713,29/11/2025 16:04
22.3078391,114.1724641,29/11/2025 16:04
22.307778,114.1724669,29/11/2025 16:19
22.3075946,114.1735239,29/11/2025 16:19
22.3078417,114.1724576,29/11/2025 16:35
22.3078955,114.1725541,29/11/2025 17:41
22.3076236,114.172503,29/11/2025 17:56
22.3080115,114.1727738,29/11/2025 18:12
22.307854,114.1724553,29/11/2025 18:27
22.307993,114.1727562,29/11/2025 18:42
22.3078041,114.1724765,29/11/2025 18:58
22.3080119,114.1727628,29/11/2025 19:13
22.3078707,114.1725322,29/11/2025 19:29
22.307746,114.1724867,29/11/2025 19:44
22.308011,114.1727708,29/11/2025 19:59
22.3075307,114.1725215,29/11/2025 20:15
22.3078445,114.1724469,29/11/2025 20:30
22.3076764,114.1725132,29/11/2025 20:45
22.307866,114.1724783,29/11/2025 23:20
22.3075522,114.1735558,30/11/2025 01:21
22.3079091,114.1727088,30/11/2025 01:36
22.3078486,114.1724634,30/11/2025 01:51
22.3078427,114.1725037,30/11/2025 02:19
22.3088501,114.1713358,30/11/2025 02:34
22.3087953,114.1711441,30/11/2025 02:36
22.3089075,114.171189,30/11/2025 02:37
22.3088215,114.1711639,30/11/2025 02:44
22.3088833,114.171186,30/11/2025 02:44
22.3101049,114.170106,30/11/2025 02:52
22.3098422,114.1699722,30/11/2025 02:53
22.3103667,114.17004,30/11/2025 02:55
22.3017654,114.1584578,30/11/2025 03:09
22.3006304,114.1590461,30/11/2025 03:13
22.3010125,114.1591969,30/11/2025 03:13
22.3009708,114.1591391,30/11/2025 03:17
22.3011504,114.1591275,30/11/2025 03:18
22.3014349,114.1586626,30/11/2025 03:21
22.3013466,114.1588895,30/11/2025 03:29
22.3012899,114.1588487,30/11/2025 03:29
22.3014946,114.1589142,30/11/2025 03:44
22.3012945,114.1587409,30/11/2025 04:01
22.3016105,114.1591406,30/11/2025 04:18
22.3014004,114.1595321,30/11/2025 04:35
22.3010234,114.1594295,30/11/2025 04:52
22.3005909,114.1598217,30/11/2025 05:10
22.3003502,114.1588357,30/11/2025 05:31
22.3007151,114.1589919,30/11/2025 05:46
22.3002192,114.1592037,30/11/2025 06:04
22.3010899,114.1593623,30/11/2025 06:19
22.3018556,114.1596923,30/11/2025 06:36
22.30285161,114.1645833,30/11/2025 06:46
22.3019786,114.1675779,30/11/2025 06:51
22.3025738,114.1679093,30/11/2025 07:11
22.3022201,114.1668872,30/11/2025 07:31
22.3022252,114.1668766,30/11/2025 07:52
22.3022231,114.166887,30/11/2025 08:40
22.3020638,114.1671427,30/11/2025 08:58
22.30431425,114.1699206,30/11/2025 09:08
22.306093,114.1714668,30/11/2025 09:14
22.3080122,114.1727503,30/11/2025 09:28
22.3076865,114.1725076,30/11/2025 09:29
22.3079195,114.1725818,30/11/2025 09:43
22.3077678,114.1726023,30/11/2025 09:50
22.307739,114.1724648,30/11/2025 09:58
22.3079902,114.1727456,30/11/2025 10:14
22.3075841,114.1734935,30/11/2025 10:20
22.3079005,114.1727137,30/11/2025 10:29
22.3075558,114.17257,30/11/2025 10:35
22.3078174,114.1724576,30/11/2025 10:44
22.3075979,114.1724961,30/11/2025 10:50
22.3079966,114.172749,30/11/2025 11:05
22.3075685,114.1725397,30/11/2025 11:21
22.3077183,114.172541,30/11/2025 11:36
22.307857,114.1724184,30/11/2025 11:51
22.3094324,114.1710799,30/11/2025 12:12
22.3101068,114.1711605,30/11/2025 12:13
22.3151031,114.1700041,30/11/2025 12:29
22.3154998,114.1704318,30/11/2025 12:30
22.3195315,114.1704364,30/11/2025 12:51
22.318917,114.1700339,30/11/2025 13:07
22.3189836,114.1698625,30/11/2025 13:22
22.3189828,114.1698772,30/11/2025 13:38
22.318949,114.1699451,30/11/2025 13:53
22.3101376,114.1710168,30/11/2025 14:13
22.3096126,114.1712308,30/11/2025 14:14
22.307856,114.1724493,30/11/2025 14:20
22.3079735,114.1727387,30/11/2025 14:30
22.3078787,114.1730061,30/11/2025 14:35
22.3077751,114.1724838,30/11/2025 14:45
22.3078283,114.1724548,30/11/2025 14:50
22.3076804,114.172504,30/11/2025 15:00
22.3078498,114.1725305,30/11/2025 15:05
22.3078091,114.1724819,30/11/2025 15:21
22.3077858,114.1724882,30/11/2025 15:23
22.3078313,114.172476,30/11/2025 15:36
22.3079601,114.1727216,30/11/2025 15:51
22.3079824,114.172742,30/11/2025 16:06
22.3075561,114.1735143,30/11/2025 16:22
22.307986,114.1727481,30/11/2025 16:37
22.3077667,114.1724896,30/11/2025 16:52
22.3078212,114.1725248,30/11/2025 17:07
22.3078405,114.1724206,30/11/2025 17:22
22.3077467,114.1724703,30/11/2025 17:38
22.3078465,114.1725192,30/11/2025 17:53
22.3079734,114.1727513,30/11/2025 18:08
22.3075542,114.1735451,30/11/2025 18:23
22.3075622,114.1735409,30/11/2025 18:39
22.3075583,114.1735388,30/11/2025 18:54
22.3076028,114.1724927,30/11/2025 19:09
22.3078195,114.1724124,30/11/2025 19:25
22.3078489,114.1724118,30/11/2025 19:40
22.3078524,114.172468,30/11/2025 19:55
22.3078686,114.1724895,30/11/2025 20:10
22.3078223,114.1724517,30/11/2025 20:25
22.3078426,114.1724194,30/11/2025 20:41
22.3078757,114.1724102,30/11/2025 20:56
22.3077989,114.1724779,30/11/2025 21:11
22.3077883,114.1724024,30/11/2025 21:26
22.3078556,114.172418,30/11/2025 21:42
22.3078619,114.1723599,30/11/2025 21:57
22.3078043,114.1724413,30/11/2025 22:12
22.307697,114.172423,30/11/2025 22:28
22.3075239,114.1724042,30/11/2025 22:43
22.3078538,114.1723728,30/11/2025 22:58
22.3077596,114.1724824,30/11/2025 23:13
22.3076977,114.1725052,30/11/2025 23:29
22.3077328,114.1728006,30/11/2025 23:44
22.3076651,114.173143,30/11/2025 23:59
22.3074487,114.1724303,01/12/2025 00:15
22.3075819,114.1724547,01/12/2025 00:30
22.3078535,114.1724654,01/12/2025 00:45
22.3079973,114.1727595,01/12/2025 01:00
22.3075304,114.1724576,01/12/2025 01:22
22.3075631,114.1734005,01/12/2025 01:37
22.3078811,114.1724497,01/12/2025 01:54
22.3076926,114.173003,01/12/2025 02:27
22.3078411,114.1725072,01/12/2025 02:55
22.307765,114.1724336,01/12/2025 03:21
22.3089217,114.1712171,01/12/2025 03:37
22.3090168,114.1712044,01/12/2025 03:53
22.2792824,114.1659515,01/12/2025 04:09
22.2818729,114.1544574,01/12/2025 04:24
22.2814507,114.1537403,01/12/2025 04:39
22.281453,114.1537386,01/12/2025 04:39
22.2811131,114.1539418,01/12/2025 04:55
22.2809152,114.1541139,01/12/2025 05:10
22.2828845,114.1527694,01/12/2025 05:26
22.2840823,114.1501827,01/12/2025 05:42
22.28587823,114.1510376,01/12/2025 05:52
22.2855265,114.1523098,01/12/2025 06:03
22.2855238,114.1523087,01/12/2025 06:18
22.2861605,114.1524233,01/12/2025 06:34
22.2838959,114.1564719,01/12/2025 06:46
22.2830583,114.1570623,01/12/2025 06:49
22.28657295,114.1614074,01/12/2025 07:05
22.2866147,114.1620929,01/12/2025 07:12
22.2868371,114.162131,01/12/2025 07:36
22.2869232,114.1621286,01/12/2025 07:51
22.2864195,114.160887,01/12/2025 08:06
22.2823176,114.1579515,01/12/2025 08:13
22.2851022,114.1555471,01/12/2025 08:23
22.2861707,114.1533273,01/12/2025 08:26
22.2842666,114.1545163,01/12/2025 08:38
22.2836315,114.1578835,01/12/2025 08:53
22.2838852,114.1574109,01/12/2025 08:53
22.2821315,114.1536739,01/12/2025 09:12
22.2807734,114.1521832,01/12/2025 09:17
22.2776558,114.1524507,01/12/2025 09:27
22.27768564,114.1564535,01/12/2025 09:38
22.2777175,114.1579479,01/12/2025 09:42
22.27773,114.1592531,01/12/2025 09:57
22.27756,114.1588601,01/12/2025 10:12
22.27084097,114.1537854,01/12/2025 10:26
22.2713563,114.1500371,01/12/2025 10:37
22.2705814,114.1498802,01/12/2025 10:55
22.2704203,114.1495568,01/12/2025 11:11
22.2713978,114.1500983,01/12/2025 11:30
22.2706123,114.1497577,01/12/2025 11:47
22.2706395,114.1497289,01/12/2025 12:02
22.2706499,114.1497221,01/12/2025 12:18
22.27065,114.1497124,01/12/2025 12:33
22.2711267,114.1500125,01/12/2025 12:48
22.2711436,114.1503225,01/12/2025 13:04
22.27551581,114.1572656,01/12/2025 13:12
22.2800382,114.1599166,01/12/2025 13:21
22.28013633,114.1597766,01/12/2025 13:21
22.2793368,114.1658227,01/12/2025 13:36
22.2791886,114.1660808,01/12/2025 13:36
22.3079859,114.1721485,01/12/2025 13:54
22.3078544,114.1724336,01/12/2025 13:56
22.3076131,114.1725621,01/12/2025 14:09
22.3075766,114.172589,01/12/2025 14:11
22.307635,114.1726757,01/12/2025 14:24
22.307958,114.1727233,01/12/2025 14:39
22.3076429,114.1725568,01/12/2025 14:41
22.3077349,114.1724805,01/12/2025 14:55
22.3078047,114.1724835,01/12/2025 15:10
22.3078182,114.1725369,01/12/2025 15:25
22.3075557,114.1732957,01/12/2025 15:40
22.3076961,114.1725545,01/12/2025 15:56
22.3078365,114.1725438,01/12/2025 16:11
22.3078571,114.17245,02/12/2025 00:01
22.307557,114.1735575,02/12/2025 00:01
22.307641,114.1730116,02/12/2025 00:02
22.3076118,114.1722735,02/12/2025 00:17
22.3074898,114.1719966,02/12/2025 00:17
22.3076757,114.1724913,02/12/2025 00:27
22.3076382,114.172274,02/12/2025 00:32
22.3076949,114.1725829,02/12/2025 00:42
22.3076383,114.1725031,02/12/2025 00:58
22.3076723,114.1724657,02/12/2025 01:04
22.3076978,114.1725354,02/12/2025 01:19
22.3078432,114.1724281,02/12/2025 01:24
22.3075086,114.172458,02/12/2025 01:35
22.3075619,114.1735383,02/12/2025 01:46
22.307763,114.1724487,02/12/2025 01:47
22.3065755,114.1722046,02/12/2025 01:47
22.306693,114.1719558,02/12/2025 02:02
22.3067008,114.171966,02/12/2025 02:09
22.3052496,114.1716904,02/12/2025 02:24
22.2792398,114.166031,02/12/2025 02:31
22.2801021,114.183268,02/12/2025 02:36
22.291348,114.2005523,02/12/2025 02:42
22.2780792,114.2274425,02/12/2025 02:55
22.27046835,114.2331189,02/12/2025 03:00
22.2652102,114.23147,02/12/2025 03:01
22.2554033,114.2304571,02/12/2025 03:05
22.2357851,114.2384223,02/12/2025 03:10
22.2294341,114.2421112,02/12/2025 03:25
22.2294361,114.2421108,02/12/2025 03:25
22.23448822,114.2437311,02/12/2025 03:41
22.2346551,114.2438541,02/12/2025 03:41
22.2393025,114.2421572,02/12/2025 03:57
22.2395176,114.2419105,02/12/2025 03:57
22.2443286,114.2387803,02/12/2025 04:13
22.2444298,114.2387098,02/12/2025 04:13
22.24803649,114.2350823,02/12/2025 04:24
22.2488453,114.23444,02/12/2025 04:29
22.2541825,114.2316525,02/12/2025 04:44
22.2551461,114.2319238,02/12/2025 04:51
22.25657366,114.2299257,02/12/2025 05:05
22.2566148,114.2295497,02/12/2025 05:06
22.25671189,114.2243157,02/12/2025 05:34
22.2567142,114.2243094,02/12/2025 05:34
22.2580942,114.2184065,02/12/2025 05:47
22.2583405,114.2162341,02/12/2025 05:51
22.2576076,114.2111563,02/12/2025 06:07
22.2575389,114.2112185,02/12/2025 06:07
22.2526693,114.214157,02/12/2025 06:15
22.2482765,114.214023,02/12/2025 06:54
22.2479494,114.212774,02/12/2025 06:58
22.2452719,114.2090889,02/12/2025 07:10
22.24488899,114.2081363,02/12/2025 07:11
22.2408882,114.2042172,02/12/2025 07:26
22.2408809,114.2042193,02/12/2025 07:27
22.2380524,114.2055956,02/12/2025 07:47
22.23585824,114.2065528,02/12/2025 07:57
22.2352272,114.2064194,02/12/2025 08:02
22.23073092,114.2057979,02/12/2025 08:18
22.2307267,114.205802,02/12/2025 08:18
22.2266654,114.2072022,02/12/2025 08:33
22.2256162,114.2075786,02/12/2025 08:36
22.2237426,114.2086934,02/12/2025 08:48
22.2248372,114.2043735,02/12/2025 09:04
22.2223006,114.2032294,02/12/2025 09:11
22.2176748,114.2048687,02/12/2025 09:19
22.21745034,114.2046309,02/12/2025 09:20
22.2161247,114.2021253,02/12/2025 09:35
22.2158953,114.2023287,02/12/2025 09:36
22.2150464,114.2024062,02/12/2025 09:52
22.2246888,114.2038464,02/12/2025 10:05
22.22919353,114.2011025,02/12/2025 10:06
22.2345951,114.2008619,02/12/2025 10:07
22.23843356,114.1961978,02/12/2025 10:12
22.2573223,114.1924949,02/12/2025 10:19
22.2625274,114.1873708,02/12/2025 10:22
22.2765565,114.1694945,02/12/2025 10:37
22.2768252,114.1690854,02/12/2025 10:38
22.3043533,114.1717634,02/12/2025 10:56
22.3076661,114.1732605,02/12/2025 11:10
22.3076444,114.1727387,02/12/2025 11:28
22.3078424,114.1725101,02/12/2025 11:33
22.3080144,114.1727623,02/12/2025 11:48
22.3076718,114.1731814,02/12/2025 11:51
22.3078545,114.1724693,02/12/2025 12:03
22.307846,114.172508,02/12/2025 12:18
22.3075166,114.1725951,02/12/2025 12:33
22.3078339,114.1724744,02/12/2025 12:48
22.3078286,114.1725189,02/12/2025 13:03
22.3076687,114.1726433,02/12/2025 13:09
22.3090299,114.1715764,02/12/2025 13:25
22.3089557,114.1712412,02/12/2025 13:40
22.3089988,114.171122,02/12/2025 13:55
22.3083554,114.1716097,02/12/2025 14:10
22.3079319,114.1727292,02/12/2025 14:13
22.3076168,114.1725929,02/12/2025 14:25
22.3078448,114.1725292,02/12/2025 14:29
22.3076182,114.1726423,02/12/2025 14:41
22.3076731,114.172929,02/12/2025 14:56
22.3076467,114.172902,02/12/2025 15:12
22.3076692,114.1731643,02/12/2025 15:27
22.307617,114.1726507,02/12/2025 15:42
22.307615,114.1727547,02/12/2025 15:57
22.3076406,114.1727327,02/12/2025 16:12
22.3076747,114.1731829,02/12/2025 16:28
22.307639,114.1728145,02/12/2025 16:43
22.3076567,114.1726889,02/12/2025 16:59
22.3076395,114.1729008,02/12/2025 17:14
22.3080015,114.1727531,02/12/2025 17:21
22.3078588,114.172454,02/12/2025 17:37
22.3078183,114.1724674,02/12/2025 17:52
22.3078454,114.1724442,02/12/2025 18:07
22.3077171,114.1725211,02/12/2025 18:23
22.3078417,114.1725347,02/12/2025 20:54
22.3076893,114.1726001,02/12/2025 23:52
22.3077935,114.1725007,03/12/2025 01:24
22.307844,114.1724626,03/12/2025 01:39
22.3076374,114.1727559,03/12/2025 01:54
22.3078302,114.1724436,03/12/2025 01:54
22.3076113,114.172434,03/12/2025 02:09
22.308001,114.172747,03/12/2025 02:10
22.3075931,114.1726286,03/12/2025 02:25
22.3079147,114.1726707,03/12/2025 02:25
22.3076252,114.1725595,03/12/2025 02:40
22.30778,114.1725599,03/12/2025 02:40
22.3077896,114.1724934,03/12/2025 02:56
22.3076514,114.1726905,03/12/2025 02:56
22.3076715,114.1727436,03/12/2025 03:11
22.3076203,114.1724896,03/12/2025 03:13
22.3080483,114.1710608,03/12/2025 03:30
22.3076623,114.1727615,03/12/2025 03:46
22.3076095,114.172439,03/12/2025 04:01
22.3076793,114.1729978,03/12/2025 04:14
22.3078285,114.1723458,03/12/2025 05:18
22.3076194,114.1726307,03/12/2025 05:40
22.3057505,114.1726853,03/12/2025 05:55
22.297404,114.1723282,03/12/2025 06:09
22.2964072,114.172293,03/12/2025 06:10
22.3047815,114.1673526,03/12/2025 06:17
22.30168659,114.1562186,03/12/2025 06:25
22.3014265,114.1557618,03/12/2025 06:27
22.3026405,114.1548537,03/12/2025 06:42
22.3026797,114.1549632,03/12/2025 06:44
22.3017823,114.155255,03/12/2025 06:59
22.3013275,114.1553805,03/12/2025 07:30
22.3017989,114.1547638,03/12/2025 07:49
22.3013766,114.1552985,03/12/2025 08:05
22.3013663,114.1547028,03/12/2025 08:22
22.3019375,114.1551678,03/12/2025 08:38
22.3015075,114.1552899,03/12/2025 08:54
22.3015387,114.1553985,03/12/2025 09:09
22.30292553,114.1603838,03/12/2025 09:23
22.3027782,114.1628707,03/12/2025 09:24
22.3031159,114.1668285,03/12/2025 09:26
22.29494624,114.1728843,03/12/2025 09:36
22.2977413,114.1783779,03/12/2025 09:39
22.2803393,114.1827282,03/12/2025 09:54
22.2801036,114.1828345,03/12/2025 09:55
22.2800095,114.1830415,03/12/2025 10:11
22.2799456,114.1829654,03/12/2025 10:26
22.2798961,114.1830976,03/12/2025 10:42
22.2801071,114.1824512,03/12/2025 11:03
22.2793074,114.1828947,03/12/2025 11:18
22.2780382,114.18345,03/12/2025 11:26
22.2696987,114.1838297,03/12/2025 11:36
22.2717961,114.181024,03/12/2025 11:51
22.2718127,114.1809615,03/12/2025 11:52
22.2718223,114.181056,03/12/2025 12:07
22.2770235,114.1818572,03/12/2025 12:15
22.2718358,114.1810023,03/12/2025 12:22
22.27188797,114.1812267,03/12/2025 12:26
22.2712263,114.1815069,03/12/2025 12:56
22.271205,114.1815193,03/12/2025 12:56
22.27757284,114.1821481,03/12/2025 13:02
22.271832,114.1811175,03/12/2025 13:12
22.2715163,114.1810948,03/12/2025 13:27
22.2715648,114.1810199,03/12/2025 13:28
22.2710291,114.1819774,03/12/2025 13:45
22.2701708,114.1826511,03/12/2025 14:00
22.2769315,114.1808849,03/12/2025 14:07
22.28195389,114.1812463,03/12/2025 14:10
22.3056106,114.1793409,03/12/2025 14:15
22.3076038,114.1725091,03/12/2025 14:28
22.3076509,114.1724397,03/12/2025 14:31
22.3076613,114.1727595,03/12/2025 14:31
22.307601,114.1724215,03/12/2025 14:43
22.3076029,114.1724368,03/12/2025 14:58
22.3075914,114.1724103,03/12/2025 15:13
22.3076062,114.1724514,03/12/2025 15:29
22.307646,114.1728091,03/12/2025 15:32
22.3076281,114.1726989,03/12/2025 15:44
22.3076347,114.1727148,03/12/2025 15:55
22.3076575,114.1727115,03/12/2025 15:59
22.3076387,114.172689,03/12/2025 16:15
22.3075983,114.1724243,03/12/2025 16:30
22.3076496,114.1727131,03/12/2025 16:45
22.3076066,114.1724282,03/12/2025 17:15
22.3075974,114.1724426,03/12/2025 17:31
22.3076281,114.1724997,03/12/2025 18:54
22.307593,114.1724262,03/12/2025 19:10
22.3076132,114.1724893,03/12/2025 19:25
22.3076002,114.1724262,03/12/2025 19:40
22.3076058,114.1724408,03/12/2025 19:55
22.307621,114.1726118,03/12/2025 20:53
22.3076542,114.1727556,03/12/2025 21:08
22.3075921,114.1724204,03/12/2025 21:40
22.3075975,114.1724204,03/12/2025 21:55
22.3076316,114.1730713,03/12/2025 22:21
22.307598,114.1726819,03/12/2025 23:00
22.3076606,114.1730294,03/12/2025 23:00
22.3076133,114.1724471,03/12/2025 23:15
22.3075992,114.1724284,03/12/2025 23:31
22.3076216,114.1724316,03/12/2025 23:39
22.3076809,114.1726708,03/12/2025 23:46
22.3076621,114.1727705,03/12/2025 23:54
22.3076078,114.1724304,04/12/2025 00:01
22.3075788,114.1724119,04/12/2025 00:11
22.3057701,114.1727106,04/12/2025 00:26
22.30600563,114.1662421,04/12/2025 00:35
22.31038799,114.1626206,04/12/2025 00:36
22.32010972,114.1586388,04/12/2025 00:37
22.32771917,114.1392595,04/12/2025 00:39
22.3211,114.1243727,04/12/2025 00:41
22.34379163,114.0929062,04/12/2025 00:45
22.32428188,114.0102949,04/12/2025 00:54
22.3110189,113.9918174,04/12/2025 00:56
22.3156044,113.9363821,04/12/2025 01:08
22.3163054,113.9343176,04/12/2025 01:23
22.3149109,113.933548,04/12/2025 01:29
22.3098202,113.9175524,04/12/2025 01:33
22.3102034,113.9181587,04/12/2025 01:44
22.3102154,113.9181466,04/12/2025 01:59
22.3101967,113.9181502,04/12/2025 02:00
22.3102053,113.9181605,04/12/2025 02:15
22.3100229,113.9175645,04/12/2025 02:37
22.3107366,113.917522,04/12/2025 02:52
22.3109459,113.9184731,04/12/2025 03:07
22.3097809,113.919671,04/12/2025 03:23
37.4507864,126.4442296,04/12/2025 06:48
37.4567694,126.4483608,04/12/2025 06:50
37.4572008,126.4483331,04/12/2025 06:52
37.4571532,126.4483057,04/12/2025 06:53
37.4574417,126.4477758,04/12/2025 06:59
37.4572665,126.4475319,04/12/2025 07:03
37.4554768,126.4444704,04/12/2025 07:06
37.4561742,126.4453363,04/12/2025 07:07
37.4561639,126.4451155,04/12/2025 07:07
37.4562109,126.4452819,04/12/2025 07:09
37.4496711,126.4508126,04/12/2025 07:13
37.4499176,126.4507848,04/12/2025 07:13
37.4498807,126.4508051,04/12/2025 07:15
37.4496149,126.4509141,04/12/2025 07:16
37.450238,126.4511122,04/12/2025 07:17
37.4506405,126.4520791,04/12/2025 07:19
37.4503187,126.4524875,04/12/2025 07:21
37.4505388,126.4523286,04/12/2025 07:21
37.450015,126.4521524,04/12/2025 07:22
37.4496649,126.4515497,04/12/2025 07:23
37.4499504,126.4526525,04/12/2025 07:23
37.4502494,126.4522554,04/12/2025 07:23
37.4503358,126.4515648,04/12/2025 07:24
37.4495651,126.451763,04/12/2025 07:24
37.4497403,126.4516412,04/12/2025 07:24
37.4495929,126.4509408,04/12/2025 07:25
37.4497356,126.4516561,04/12/2025 07:29
37.4500481,126.4519319,04/12/2025 07:30
37.449614,126.4518396,04/12/2025 07:30
37.4493362,126.4522691,04/12/2025 07:31
37.4490591,126.4512937,04/12/2025 07:32
37.449101,126.4512121,04/12/2025 07:32
37.4489886,126.4516578,04/12/2025 07:33
37.4493424,126.4524071,04/12/2025 07:34
37.4491938,126.4522906,04/12/2025 07:35
37.4491791,126.4517962,04/12/2025 07:36
37.4489401,126.4519035,04/12/2025 07:37
37.449661,126.4512916,04/12/2025 07:37
37.449648,126.4528581,04/12/2025 07:38
37.4498319,126.452342,04/12/2025 07:38
37.4505267,126.4521763,04/12/2025 07:39
37.4498016,126.4512868,04/12/2025 07:41
37.4497952,126.4512676,04/12/2025 07:42
37.4499573,126.4507664,04/12/2025 07:44
37.4490985,126.4494598,04/12/2025 07:45
37.4493013,126.4500404,04/12/2025 07:46
37.4492562,126.4502433,04/12/2025 07:47
37.4484568,126.4496511,04/12/2025 07:48
37.4483077,126.4501928,04/12/2025 07:50
37.4484666,126.4495551,04/12/2025 07:52
37.4483439,126.4494971,04/12/2025 07:58
37.4484032,126.4496444,04/12/2025 07:59
37.4482803,126.4495979,04/12/2025 08:01
37.4484899,126.4494605,04/12/2025 08:05
37.4484607,126.4495778,04/12/2025 08:06
37.4484412,126.4494721,04/12/2025 08:15
37.4483378,126.4494306,04/12/2025 08:18
37.4484183,126.4494782,04/12/2025 08:24
37.4484092,126.4496705,04/12/2025 08:27
37.4484179,126.4496265,04/12/2025 08:27
37.4483442,126.4494685,04/12/2025 08:29
37.4484139,126.4495152,04/12/2025 08:33
37.4488764,126.4503731,04/12/2025 08:35
37.4483741,126.4499849,04/12/2025 08:35
37.4481969,126.4507663,04/12/2025 08:35
37.4486379,126.4509404,04/12/2025 08:36
37.4480983,126.4506244,04/12/2025 08:37
37.4477689,126.450021,04/12/2025 08:38
37.4480541,126.4503329,04/12/2025 08:38
37.4488148,126.4512412,04/12/2025 08:41
37.4488218,126.451504,04/12/2025 08:44
37.4488688,126.4512347,04/12/2025 08:44
37.4490323,126.4517842,04/12/2025 08:45
37.4486065,126.4510476,04/12/2025 08:45
37.4492868,126.450995,04/12/2025 08:46
37.4493859,126.4517716,04/12/2025 08:46
37.4496359,126.4512829,04/12/2025 08:47
37.4493884,126.4517882,04/12/2025 08:47
37.4491289,126.4518522,04/12/2025 08:47
37.4490324,126.4522515,04/12/2025 08:48
37.4490299,126.4525637,04/12/2025 08:49
37.4490712,126.4520818,04/12/2025 08:49
37.4492471,126.4510338,04/12/2025 08:49
37.4492944,126.4518241,04/12/2025 08:50
37.4498963,126.4525152,04/12/2025 08:50
37.4497975,126.4522857,04/12/2025 08:51
37.4496141,126.4535302,04/12/2025 08:51
37.4501201,126.453298,04/12/2025 08:52
37.4493524,126.4535037,04/12/2025 08:52
37.4495139,126.4531977,04/12/2025 08:53
37.4491267,126.4520645,04/12/2025 08:54
37.4489936,126.4516423,04/12/2025 08:55
37.4489963,126.4512942,04/12/2025 08:56
37.4488992,126.4515389,04/12/2025 08:56
37.4491266,126.4520602,04/12/2025 08:57
37.4490747,126.4513199,04/12/2025 08:58
37.448816,126.4512692,04/12/2025 08:58
37.4488183,126.4512957,04/12/2025 08:59
37.4489125,126.451463,04/12/2025 08:59
37.4490708,126.4515024,04/12/2025 09:00
37.4487551,126.4511407,04/12/2025 09:00
37.4489883,126.4516715,04/12/2025 09:00
37.4490476,126.4517239,04/12/2025 09:04
37.4491264,126.452077,04/12/2025 09:05
37.4488714,126.4515127,04/12/2025 09:05
37.4490732,126.4518731,04/12/2025 09:07
37.4487448,126.4512277,04/12/2025 09:09
37.4490348,126.4518017,04/12/2025 09:11
37.4489875,126.4516342,04/12/2025 09:12
37.4490436,126.4516917,04/12/2025 09:14
37.4490299,126.4518215,04/12/2025 09:15
37.4491282,126.4520553,04/12/2025 09:15
37.4489102,126.4514194,04/12/2025 09:15
37.4487492,126.4512254,04/12/2025 09:16
37.4490181,126.4516706,04/12/2025 09:19
37.4489789,126.4517033,04/12/2025 09:21
37.4489878,126.4516414,04/12/2025 09:23
37.4488723,126.4514441,04/12/2025 09:27
37.4491258,126.4520979,04/12/2025 09:28
37.4489051,126.4511786,04/12/2025 09:28
37.4489843,126.4516512,04/12/2025 09:29
37.4488698,126.4514812,04/12/2025 09:30
37.4490433,126.4518637,04/12/2025 09:32
37.4489747,126.4515778,04/12/2025 09:32
37.4486425,126.4510763,04/12/2025 09:34
37.4490028,126.4516658,04/12/2025 09:35
37.4489969,126.4512964,04/12/2025 09:36
37.4491246,126.4520656,04/12/2025 09:37
37.4484243,126.4516824,04/12/2025 09:37
37.4489417,126.4516209,04/12/2025 09:42
37.4487353,126.4512218,04/12/2025 09:43
37.4487279,126.4511293,04/12/2025 09:44
37.4490363,126.4517996,04/12/2025 09:44
37.4490984,126.4519878,04/12/2025 09:47
37.4489869,126.4516569,04/12/2025 09:47
37.4489082,126.4514512,04/12/2025 09:48
37.4489086,126.4515586,04/12/2025 09:49
37.4490388,126.4517881,04/12/2025 09:50
37.4487256,126.4511306,04/12/2025 09:51
37.4488047,126.4513179,04/12/2025 09:53
37.4489856,126.4516493,04/12/2025 09:55
37.4491187,126.4512594,04/12/2025 09:57
37.4490725,126.451887,04/12/2025 09:59
37.4489629,126.4515975,04/12/2025 09:59
37.4489621,126.4516506,04/12/2025 10:00
37.448954,126.4516455,04/12/2025 10:01
37.4490181,126.4516472,04/12/2025 10:02
37.4489584,126.4515787,04/12/2025 10:04
37.4490591,126.4518473,04/12/2025 10:05
37.4490109,126.4516598,04/12/2025 10:06
37.4489745,126.4516497,04/12/2025 10:09
37.4489819,126.4516287,04/12/2025 10:11
37.4490374,126.451779,04/12/2025 10:12
37.4489693,126.4515418,04/12/2025 10:12
37.449032,126.4516559,04/12/2025 10:13
37.4490653,126.4518543,04/12/2025 10:14
37.4488988,126.4515243,04/12/2025 10:14
37.448714,126.4511142,04/12/2025 10:16
37.4490068,126.4516419,04/12/2025 10:18
37.4489661,126.4514133,04/12/2025 10:19
37.4489305,126.4515784,04/12/2025 10:20
37.4489464,126.4516346,04/12/2025 10:22
37.4490168,126.4517538,04/12/2025 10:23
37.4488187,126.4513629,04/12/2025 10:24
37.4489828,126.451647,04/12/2025 10:25
37.4490652,126.4518493,04/12/2025 10:26
37.4489018,126.4513458,04/12/2025 10:27
37.4489521,126.4516183,04/12/2025 10:28
37.448985,126.451671,04/12/2025 10:29
37.4489929,126.4516521,04/12/2025 10:30
37.4489853,126.4516495,04/12/2025 10:31
37.44883,126.4512148,04/12/2025 10:32
37.4490723,126.4518913,04/12/2025 10:33
37.4490883,126.4519987,04/12/2025 10:34
37.4489826,126.4512639,04/12/2025 10:35
37.4488081,126.4545274,04/12/2025 10:37
37.4490385,126.4518064,04/12/2025 10:39
37.4490274,126.4517847,04/12/2025 10:40
37.4489244,126.4512668,04/12/2025 10:40
37.4488928,126.4514336,04/12/2025 10:44
37.4489804,126.4516256,04/12/2025 10:45
37.4490818,126.4519186,04/12/2025 10:48
37.4490132,126.4516678,04/12/2025 10:48
37.4489942,126.4517242,04/12/2025 10:52
37.4490119,126.4516607,04/12/2025 10:52
37.4489258,126.4511944,04/12/2025 10:54
37.4490017,126.4516578,04/12/2025 10:55
37.4489707,126.4516726,04/12/2025 10:55
37.4490987,126.4520192,04/12/2025 10:58
37.4490347,126.4518075,04/12/2025 10:59
37.4491526,126.4519544,04/12/2025 11:03
37.4489621,126.4516599,04/12/2025 11:04
37.4493108,126.4529237,04/12/2025 11:05
37.4488554,126.4513679,04/12/2025 11:06
37.4477272,126.4504532,04/12/2025 11:13
37.4478457,126.4510623,04/12/2025 11:14
37.4481792,126.4505661,04/12/2025 11:14
37.4477799,126.4501522,04/12/2025 11:15
37.4475579,126.4506093,04/12/2025 11:16
37.447544,126.4499945,04/12/2025 11:16
37.4482175,126.449412,04/12/2025 11:18
37.4475919,126.450783,04/12/2025 11:19
37.4477843,126.450113,04/12/2025 11:20
37.4487035,126.4509852,04/12/2025 11:20
37.4480429,126.4520735,04/12/2025 11:21
37.4489947,126.4516465,04/12/2025 11:21
37.4490616,126.4518999,04/12/2025 11:23
37.4490587,126.451855,04/12/2025 11:25
37.4489923,126.4516288,04/12/2025 11:29
37.4489521,126.4516509,04/12/2025 11:30
37.4490807,126.451914,04/12/2025 11:31
37.4490324,126.4517746,04/12/2025 11:33
37.4489963,126.4516924,04/12/2025 11:35
37.449341,126.4530276,04/12/2025 11:36
37.4490666,126.4518574,04/12/2025 11:37
37.4491018,126.4519933,04/12/2025 11:42
37.4490145,126.4516504,04/12/2025 11:43
37.4490153,126.4516484,04/12/2025 11:44
37.4489004,126.4515522,04/12/2025 11:45
37.4484921,126.4516013,04/12/2025 11:49
37.449037,126.4516508,04/12/2025 11:52
37.4489474,126.4515874,04/12/2025 11:53
37.4490901,126.4519659,04/12/2025 11:53
37.4491729,126.4525868,04/12/2025 11:55
37.4491204,126.4520733,04/12/2025 11:55
37.4489857,126.4517287,04/12/2025 11:56
37.4490962,126.4519734,04/12/2025 12:00
37.4490054,126.4516159,04/12/2025 12:01
37.4490435,126.4518129,04/12/2025 12:02
37.448978,126.451711,04/12/2025 12:07
37.4484775,126.4510495,04/12/2025 12:08
37.4491682,126.4512649,04/12/2025 12:09
37.4490909,126.4511863,04/12/2025 12:11
37.4486405,126.4509747,04/12/2025 12:12
37.4488258,126.4509622,04/12/2025 12:12
37.4486327,126.4509475,04/12/2025 12:13
37.4490704,126.4510072,04/12/2025 12:13
37.4492455,126.4511248,04/12/2025 12:15
37.4486741,126.4519439,04/12/2025 12:17
37.4488445,126.4520288,04/12/2025 12:18
37.4485295,126.4512184,04/12/2025 12:18
37.4485216,126.4509689,04/12/2025 12:19
37.4487882,126.4515879,04/12/2025 12:20
37.4481633,126.4508631,04/12/2025 12:20
37.4483829,126.4509128,04/12/2025 12:21
37.4786358,126.4242855,04/12/2025 12:36
37.4686051,126.4329506,04/12/2025 12:39
37.4683632,126.4329863,04/12/2025 12:40
37.4674847,126.4327254,04/12/2025 12:40
37.4683509,126.4336288,04/12/2025 12:41
37.468884,126.4359401,04/12/2025 12:43
37.4693529,126.4359469,04/12/2025 12:44
37.4694039,126.4360452,04/12/2025 12:44
37.4694794,126.4361418,04/12/2025 12:45
37.4698954,126.4352526,04/12/2025 12:46
37.4689653,126.4351644,04/12/2025 12:50
37.4679045,126.4348296,04/12/2025 12:51
37.4685606,126.4355385,04/12/2025 12:52
37.4681465,126.4350024,04/12/2025 12:54
37.4666643,126.4333454,04/12/2025 12:54
37.4673463,126.4340816,04/12/2025 12:55
37.4673046,126.4341237,04/12/2025 12:58
37.4666116,126.4341659,04/12/2025 13:00
37.4663595,126.4335512,04/12/2025 13:00
37.4661347,126.4331673,04/12/2025 13:02
37.466478,126.4335525,04/12/2025 13:03
37.4667511,126.4345799,04/12/2025 13:05
37.467526,126.4359759,04/12/2025 13:06
37.4690041,126.4381424,04/12/2025 13:07
37.4683454,126.4368562,04/12/2025 13:07
37.4685234,126.4367787,04/12/2025 13:15
37.4683233,126.4389041,04/12/2025 13:17
37.4688562,126.4372711,04/12/2025 13:17
37.4680754,126.4365846,04/12/2025 13:18
37.4689297,126.4372999,04/12/2025 13:19
37.4670905,126.4349338,04/12/2025 13:19
37.4674564,126.4351906,04/12/2025 13:20
37.4671578,126.4346827,04/12/2025 13:21
37.4662909,126.4334993,04/12/2025 13:22
37.4663234,126.4335765,04/12/2025 13:23
37.4661607,126.4326182,04/12/2025 13:24
37.4655695,126.4322861,04/12/2025 13:24
37.4661657,126.4324591,04/12/2025 13:28
37.4661146,126.4326667,04/12/2025 13:29
37.4661762,126.4310353,04/12/2025 13:30
37.4656073,126.4325913,04/12/2025 13:31
37.4689044,126.429089,04/12/2025 13:32
37.4661705,126.4309964,04/12/2025 13:33
37.4674094,126.4300129,04/12/2025 13:37
37.4659665,126.4312256,04/12/2025 13:38
37.4662045,126.4309415,04/12/2025 13:38
37.4660305,126.4312287,04/12/2025 13:39
37.4660354,126.4311869,04/12/2025 13:39
37.4653753,126.4318985,04/12/2025 13:43
37.466164,126.4309542,04/12/2025 13:44
37.465651,126.4324835,04/12/2025 13:46
37.4658654,126.431452,04/12/2025 13:47
37.4661444,126.4310688,04/12/2025 13:49
37.4661797,126.4309566,04/12/2025 13:51
37.4659237,126.4312908,04/12/2025 13:54
37.4660715,126.4312226,04/12/2025 13:56
37.4661459,126.4309653,04/12/2025 13:56
37.4658449,126.4318372,04/12/2025 13:57
37.4661515,126.4309709,04/12/2025 14:00
37.4659131,126.4314061,04/12/2025 14:02
37.4662351,126.4305394,04/12/2025 14:03
37.4661955,126.4310628,04/12/2025 14:08
37.4662413,126.4311233,04/12/2025 14:09
37.4661745,126.431056,04/12/2025 14:09
37.4655384,126.4317691,04/12/2025 14:12
37.4662128,126.4309963,04/12/2025 14:17
37.4659565,126.4312451,04/12/2025 14:20
37.4666024,126.4306267,04/12/2025 14:21
37.4661861,126.431018,04/12/2025 14:22
37.4661459,126.4311037,04/12/2025 14:24
37.4664552,126.4307668,04/12/2025 14:24
37.4661369,126.4310085,04/12/2025 14:26
37.4659939,126.4305214,04/12/2025 14:27
37.4661787,126.4304931,04/12/2025 14:28
37.466112,126.4311414,04/12/2025 14:28
37.4658124,126.4320548,04/12/2025 14:29
37.4660719,126.4312187,04/12/2025 14:29
37.4661424,126.4309546,04/12/2025 14:31
37.4661959,126.430957,04/12/2025 14:35
37.4658881,126.4315322,04/12/2025 14:43
37.4659364,126.4313044,04/12/2025 14:44
37.4661329,126.4311031,04/12/2025 14:45
37.4661306,126.4310027,04/12/2025 14:45
37.4666395,126.4305784,04/12/2025 14:48
37.465766,126.4326407,04/12/2025 14:49
37.4665946,126.4306042,04/12/2025 14:49
37.4661652,126.4310778,04/12/2025 14:49
37.466055,126.4305203,04/12/2025 14:54
37.4663947,126.4307911,04/12/2025 14:55
37.4660931,126.4311241,04/12/2025 14:57
37.4657701,126.431809,04/12/2025 15:09
37.465665,126.4312298,04/12/2025 15:15
37.46549702,126.4308446,04/12/2025 15:16
37.4657807,126.4305177,04/12/2025 15:19
52.3130228,4.7613302,05/12/2025 05:17
52.310498,4.7613823,05/12/2025 05:30
52.310623,4.7615157,05/12/2025 05:30
52.3105608,4.7613248,05/12/2025 05:32
52.3104988,4.7613268,05/12/2025 05:34
52.3106669,4.7612763,05/12/2025 05:35
52.3098346,4.761515,05/12/2025 05:38
52.3102066,4.7625673,05/12/2025 05:41
52.3093754,4.7629156,05/12/2025 05:43
52.3101214,4.762572,05/12/2025 05:46
52.3102249,4.7626215,05/12/2025 05:46
52.3095271,4.762429,05/12/2025 05:47
52.3091522,4.7624735,05/12/2025 05:47
52.3092477,4.7625211,05/12/2025 05:49
52.309209,4.7624633,05/12/2025 05:50
52.3097103,4.7615542,05/12/2025 05:50
52.3087231,4.7615237,05/12/2025 05:51
52.3097081,4.7624094,05/12/2025 05:52
52.3095891,4.7623958,05/12/2025 05:55
52.3088282,4.7621952,05/12/2025 05:56
52.3096619,4.7617669,05/12/2025 05:58
52.3089497,4.7633357,05/12/2025 05:59
52.3096734,4.7626347,05/12/2025 06:00
52.309856,4.7626897,05/12/2025 06:01
52.3092615,4.7619439,05/12/2025 06:05
52.3093802,4.7612975,05/12/2025 06:06
52.3096071,4.7616073,05/12/2025 06:06
52.3084841,4.7636272,05/12/2025 06:07
52.3094717,4.7581449,05/12/2025 06:09
52.308555,4.7591672,05/12/2025 06:09
52.3099265,4.7606867,05/12/2025 06:10
52.3073596,4.7558162,05/12/2025 06:13
52.3078335,4.756765,05/12/2025 06:18
52.1879963,4.6036788,05/12/2025 06:29
52.03865867,4.31207187,05/12/2025 06:48
52.0431298,4.3102407,05/12/2025 06:51
52.0429764,4.3102329,05/12/2025 07:56
52.0429922,4.3102335,05/12/2025 08:12
52.0431197,4.3101656,05/12/2025 08:13
52.0429868,4.3102261,05/12/2025 08:14
52.0430041,4.3102218,05/12/2025 08:29
52.0430051,4.3102146,05/12/2025 08:29
52.0430043,4.3102326,05/12/2025 08:44
52.0430061,4.310216,05/12/2025 08:59
52.043,4.3102263,05/12/2025 09:55
52.0430244,4.3102566,05/12/2025 10:55
52.0430149,4.3102459,05/12/2025 11:24
52.0430029,4.3102209,05/12/2025 13:07
52.0429841,4.3102154,05/12/2025 13:22
52.0429213,4.3102501,05/12/2025 20:41
52.0429605,4.3102379,05/12/2025 20:56
52.0429795,4.3102483,05/12/2025 21:12
52.0429641,4.3102404,05/12/2025 21:28
52.0429768,4.3102686,05/12/2025 21:44
52.0429769,4.3102493,05/12/2025 21:59
52.0430169,4.3102252,06/12/2025 00:23
52.0430015,4.3102411,06/12/2025 00:38
52.0429933,4.310223,06/12/2025 00:54
52.0430163,4.310232,06/12/2025 01:30
52.043003,4.3102032,06/12/2025 03:29
52.0430033,4.3102395,06/12/2025 04:11
52.0429984,4.31022,06/12/2025 04:26
52.0430188,4.3101908,06/12/2025 04:42
52.0429908,4.310244,06/12/2025 04:57
52.0429699,4.31022,06/12/2025 05:12
52.0430348,4.3102531,06/12/2025 05:27
52.0430011,4.3101995,06/12/2025 05:42
52.0429952,4.3102464,06/12/2025 05:57
